feature,U,pval,effect_size,mean_g1,mean_g2,median_g1,median_g2,log2FC,qval
Muribaculum sp910589555,13223.0,5.0451513790933466e-05,-0.27752282498430025,0.3857966272815097,-0.7753357065947277,1.6836555964217705,-1.457849325306782,,0.025225756895466734
Lachnospira sp000436535,13042.0,0.00014583126560225725,-0.26003574706535915,1.2610130577011271,0.280506909717843,1.307519320549705,0.11604318215528941,-2.1684749965038455,0.036457816400564315
Lachnospira eligens,12829.0,0.00046975352547364523,-0.23945703106130134,2.5571209938479016,1.586178098676329,3.012503079294028,1.597017824652598,-0.6889656567344032,0.07829225424560754
Lachnospira sp003451515,12597.0,0.0015244293717984626,-0.2170426549442055,2.582609975789819,1.6350359729732271,2.8386163817553847,1.4036672266117147,-0.6595074073534587,0.16393031737260486
Lachnospira rogosae_A,12582.0,0.0016393031737260485,-0.21559344959180726,3.296486790333068,2.225791559156476,3.129790363782278,1.7860434111553758,-0.566610806444611,0.16393031737260486
Duncaniella sp910577345,12513.0,0.0022775018261190962,-0.20892710497077438,-0.5357325982141575,-1.225336680399275,-1.0245083601605405,-2.331660729685206,1.193593219384284,0.18979181884325802
Lachnospira sp000436475,12374.0,0.0043002778276863525,-0.19549780203854894,1.8563900654351555,1.0880411686392788,1.7486874510505555,0.6592275094780486,-0.7707667359999184,0.2069767764531318
Faecimonas sp905209745,8257.0,0.0031363420758875734,0.2022607603497416,-0.12261732509715254,0.9509430023776522,-0.862651154895314,1.6513532498256822,,0.2069767764531318
Sediminibacterium sp902168225,8295.0,0.0037266770930100045,0.19858944012366553,-0.8233366027397523,-0.12201125584434303,-1.147193716823681,1.5582856363163966,-2.754468128727534,0.2069767764531318
CAIFEB01 sp903789375,12323.0,0.005381396187781427,-0.1905705038403942,0.9760313929911449,0.27147630672626,1.7460669104971505,1.6600943901111638,-1.8461012560569925,0.2069767764531318
Acutalibacter sp910580045,8366.0,0.005106984945677767,0.19172986812231296,-1.5934372705708926,-0.7818548946500783,-2.669977657307994,-1.5453754287717985,-1.0271694400140408,0.2069767764531318
Alistipes shahii,8304.0,0.0038805321708016553,0.19771991691222646,2.963825198166766,3.7308516724974723,2.7330403634002085,4.069076337147863,0.3320446417281952,0.2069767764531318
Lachnospira sp003537285,12342.0,0.004952814946548566,-0.19240616395343224,2.334117893458712,1.5869711517583454,2.725830485487455,1.444048201337731,-0.5566015285217327,0.2069767764531318
Agathobacter faecis,12256.0,0.007172939030424702,-0.1840973865996811,3.7747266316180865,3.0121774251650497,3.6242571156645162,2.379340067524936,-0.3255654160838456,0.25617639394373937
Roseburia intestinalis,12196.0,0.009213654040516786,-0.17830056519008752,3.5667675737276263,2.915266198275577,3.2390708923580664,2.6092338418425527,-0.29098958186213325,0.2709898247210819
Lachnospira eligens_A,12214.0,0.008552858404165945,-0.18003961161296567,3.4803602187070317,2.6923363838070418,3.8878224081235304,2.42620262772682,-0.3703779599117586,0.2709898247210819
Alistipes_A indistinctus,8500.0,0.009025675182249884,0.1787836336408869,-0.0985571221151476,0.6680132234665851,0.4390509462059171,1.3589512955652996,,0.2709898247210819
Aphodousia sp900553105,8556.0,0.011340040842739813,0.17337326699193278,-0.8992629964178317,-0.25463311493590884,-2.2407952875175123,1.4457087630426564,-1.8203230554731016,0.2984221274405214
Anaerostipes hadrus,12146.0,0.011294475961886052,-0.17346988068209268,3.7084752185205945,3.135365436594275,4.565464630942728,3.9413578353100416,-0.24219252490241672,0.2984221274405214
Leptotrichia wadei,12112.0,0.012938195555118829,-0.1701850152166562,0.3404387736245884,-0.22328938806058338,1.70673250200322,1.5582856363163966,,0.3234548888779707
Sutterella wadsworthensis_A,8621.0,0.014675014753933204,0.1670933771315395,0.7271936542195084,1.6635491831867573,0.9583035151858841,1.6061960867032514,1.1938530041515572,0.3494051131888858
Clostridium_A leptum,8669.0,0.017665561475139525,0.16245592000386455,1.7174819758822943,2.4062615845168605,1.9214553826181806,2.543495941478774,0.48649852731181303,0.3840339451117288
Limimorpha sp017651645,12041.0,0.01706719581181964,-0.1633254432153035,0.12598806256131356,-0.4947541079756724,1.6154717246871826,1.1662605063475322,,0.3840339451117288
UBA11471 sp000434215,8700.0,0.019869601564554057,0.15946089560890775,-0.34762220410466127,0.33960758601971547,-1.0416868214430792,-0.499872060093395,,0.39889059235421
Porphyromonas circumdentaria,12000.0,0.0199445296177105,-0.15936428191874796,0.06481673974952207,-0.4338206450350932,1.6644395706203952,-0.5212408914196818,,0.39889059235421
Centipeda sp001717585,11942.0,0.02473420019319753,-0.15376068788947395,0.5581254100461209,0.07813115454795072,1.724116537782379,1.6203986538017734,-2.8366194760432655,0.4264517274689229
UMGS2070 sp905203455,11970.0,0.022310017309520203,-0.15646587121395106,0.6371508502174978,-0.0604532066150559,1.6976031730114958,1.6146055107493886,,0.4264517274689229
UBA4248 sp004554395,8754.0,0.02428527374545408,0.15424375634027343,-0.8437384943212524,-0.19562226828128942,-1.8340081404537045,1.380600249574222,-2.1087253234444003,0.4264517274689229
CAG-1427 sp900539675,11960.0,0.023150974462001095,-0.1554997343123521,0.3703050038950158,-0.2590081753876922,1.7016038681520964,1.5536896784161254,,0.4264517274689229
Clostridium sp900116755,8789.0,0.027581568133459543,0.15086227718467704,-1.2113321594276707,-0.6250413633606563,-2.112051348481323,-0.6705251331879971,-0.9545709505760919,0.4419569909550967
CAG-41 sp900066215,11905.0,0.02828524742112619,-0.15018598135355776,3.374069453987776,2.63190615942444,4.433949714359517,3.8624142179610175,-0.3583816204416101,0.4419569909550967
Alistipes_A ihumii,8780.0,0.026699064296060632,0.1517318003961161,-0.1997055034347021,0.4870217109670951,-0.6737253554003271,-0.2706913178171444,,0.4419569909550967
Faecalibacterium prausnitzii_G,11881.0,0.030816527293864172,-0.14786725278972024,4.967688441637688,4.376984437551504,5.596322326012756,5.23583224135623,-0.18263744043881172,0.45803259146946407
Tannerella forsythia_A,11878.0,0.03114621621992356,-0.14757741171924055,-0.22819959704700654,-0.7622785717280027,1.3988008409916315,-1.4194086976547329,1.7400220816486696,0.45803259146946407
Bifidobacterium bifidum,11864.0,0.03272507808560441,-0.146224820057002,0.9307732722868535,0.4196292002593358,0.6580483115178115,0.2362616658625072,-1.149314709010767,0.4593358585316283
Faecalibacterium sp900539945,11861.0,0.033072181814277235,-0.1459349789865223,3.9376028593945414,3.3328495715572015,4.238066777813156,3.821044440406884,-0.24056140773691398,0.4593358585316283
Avichristensenella intestinipullorum,11834.0,0.0363403839251566,-0.1433264093522053,0.07194539341964905,-0.2976582844944445,1.5895565164585488,0.8944457549097677,,0.491086269258873
Clostridium sp900766315,8885.0,0.03866888576353347,0.14158736292932705,-0.3378306315082192,0.1135838877431991,-0.26903935887119346,1.2216247619773082,,0.504330281986254
CAG-485 sp900759795,11811.0,0.039337761994927806,-0.14110429447852768,0.051545615095210745,-0.4224215554730766,1.5931106426629462,0.9166481551153804,,0.504330281986254
UBA5026 sp900557305,8910.0,0.04211233942362778,0.13917202067532974,0.49077006367591697,1.2139781061137507,1.5765837242994447,1.7606198004478948,1.3066232470100878,0.5153086514720279
Slackia_A piriformis,8911.0,0.04225530942070629,0.13907540698516985,-0.457544301854306,0.14230816099171256,1.3287649897945712,1.6137142138810976,,0.5153086514720279
Cetobacterium_A sp000799075,11776.0,0.04430039012620113,-0.1377228153229313,0.11623357059252568,-0.2981941181035395,1.6644395706203952,1.3610180933845655,,0.5273855967404896
Bilophila wadsworthia,8950.0,0.04816015664550313,0.13530747306893387,2.9892256303151234,3.423333136756408,3.826155197238311,4.254338533623574,0.1956298954496382,0.5600018214593387
Lachnospira sp000437735,11707.0,0.05563917883919813,-0.1310564707018984,2.3838857379543583,1.7864380837821776,2.206067214622287,0.9348833389690583,-0.4162291750541546,0.585234897893964
Chitinophaga silvisoli,8977.0,0.052642154097953864,0.13269890343461666,0.3265274410395605,0.9806037919387135,1.5685165476792182,1.6965373440263338,1.586466097991597,0.585234897893964
Faecimonas sp900554315,8997.0,0.05618255019782055,0.13076662963141872,-0.8996204394806312,-0.3806350208297432,-1.6552963682398172,0.883794416248298,-1.2409081370845458,0.585234897893964
Scatomorpha stercorigallinarum,8994.0,0.05563917883919813,0.1310564707018984,-0.9911935081220768,-0.46629999228773444,-1.8977609740043277,-0.3065769897587014,-1.0879083343184535,0.585234897893964
Cetobacterium_A sp905216205,11710.0,0.05510019294393638,-0.1313463117723781,0.4001320460832289,-0.13031798417130563,1.6865609545684563,1.5912786021030065,,0.585234897893964
UBA3818 sp904397845,9005.0,0.05765317736706754,0.12999372011013965,-0.0821142521697508,0.40873641908008596,0.6318271770271799,1.3160083019255318,,0.5882977282353831
CAG-1427 sp900551155,9071.0,0.0710474967807885,0.12361721655958646,-0.6831048620981817,-0.0006889603337977313,-0.5695742436917168,1.549764678236233,-9.953472513796902,0.6702594035923444
Ruminococcus_D bicirculans,11630.0,0.0710474967807885,-0.12361721655958657,1.5423665979535612,0.8084347872422384,-0.14210057305469093,-0.8299089945214781,-0.9319424047892576,0.6702594035923444
Turicibacter sp001543345,11631.0,0.07082698697910983,-0.12371383024974647,0.631808269420395,0.04314242047424978,1.2894673708320674,0.7811264315754674,-3.87230776351877,0.6702594035923444
Fretibacterium fastidiosum,9057.0,0.06801109862302666,0.12496980822182502,-0.6453337286340931,-0.15228003551280392,-0.7032904251892482,1.380600249574222,-2.083318626284001,0.6702594035923444
Paenibacillus_C intestinavium,9095.0,0.07651078066813877,0.12129848799574905,-0.5413992836308336,0.02120746508040215,1.307519320549705,1.607929211454417,,0.6711471988433225
UBA5884 sp002431975,11608.0,0.07604279540735338,-0.12149171537606884,0.03507835996327451,-0.3652322992061075,1.472861701591187,1.2216247619773082,,0.6711471988433225
Parasutterella excrementihominis,11610.0,0.07557714794508241,-0.12168494275638864,1.1648752310353558,0.7845999579845553,1.7201666761513863,1.367026285225208,-0.5701462732345843,0.6711471988433225
Dialister sp000434475,11610.0,0.07557714794508241,-0.12168494275638864,-0.4330543223345106,-0.8948001801017769,-0.9455562325909792,-1.8218576485845563,1.0470175405255633,0.6711471988433225
Alistipes onderdonkii,9107.0,0.07936823357339255,0.12013912371383029,2.749997247119224,3.3471908242471327,3.357783733847991,3.4835595616632853,0.28352062727664123,0.6720843499101669
RUG705 sp905188025,9103.0,0.07840625952028346,0.12052557847446987,0.2952763959929775,0.9057376967093556,1.2894673708320674,1.4457087630426564,1.6170272664120304,0.6720843499101669
SIG291 sp015057605,9137.0,0.08689266833443766,0.11724071300903338,-0.771164613669942,-0.32064971423967964,-1.5530792353514844,1.3610180933845655,-1.2660407334973622,0.6720843499101669
Faecalibacterium prausnitzii_D,11577.0,0.08356421937578472,-0.11849669098111204,4.425585295737384,4.018999708207328,5.03978852486708,4.675962166960526,-0.13903179548624436,0.6720843499101669
Bifidobacterium pseudocatenulatum,11566.0,0.08637374114648436,-0.11743394038935318,2.648936869802973,2.0320789561795527,2.6075930042555893,1.8868294174669948,-0.38245700230551805,0.6720843499101669
Faecalibacterium prausnitzii,11552.0,0.09005930288796236,-0.11608134872711462,3.8800410299031993,3.458653997225729,4.290334840909478,3.9210980821933665,-0.16586121425571299,0.6720843499101669
CAG-127 sp900319515,11565.0,0.08663289100632965,-0.11733732669919328,1.543640593262367,1.0917806047033394,1.1024416295239892,0.46068283876128646,-0.49965391459878367,0.6720843499101669
Veillonella atypica,11557.0,0.088728762774878,-0.1165644171779141,1.3261041553339756,0.7639294797231994,1.0228813952400557,0.5606725752577191,-0.7956827210908863,0.6720843499101669
UBA10677 sp900543755,9144.0,0.088728762774878,0.1165644171779141,-1.0060032668460095,-0.48972899730698044,-2.102771662183775,0.883794416248298,-1.0385794646040465,0.6720843499101669
Enterococcus_A avium,11586.0,0.08132097097426165,-0.11936621419255111,0.3550617462761534,0.10605745888928526,1.6644395706203952,1.6146055107493886,-1.7432238383965468,0.6720843499101669
Fusobacterium_B sp900542625,11547.0,0.09140585465678427,-0.11559828027631514,0.11288797966216296,-0.3173762369463646,1.6633303777489274,1.3589512955652996,,0.6721018724763549
Ruminococcus_D sp900539095,11531.0,0.09582387172916862,-0.11405246123375679,0.3143882457739262,-0.1996253403743876,0.48014854233086623,-0.5555162925739925,,0.6943758820954247
Bifidobacterium longum,11496.0,0.10608417986549999,-0.1106709820781604,3.4329123264520334,2.9036970694182638,3.9260251133687962,3.728044741716003,-0.24154206169321937,0.70722786577
CAG-873 sp910578035,11516.0,0.1001194597873342,-0.11260325588135833,-0.33577219076304093,-0.6579012526527487,1.2894673708320674,-0.9626679521955257,0.9703883130399616,0.70722786577
Streptococcus oralis_BH,9201.0,0.10486921640837155,0.1110574368388001,-0.7487583101913798,-0.24228411588582713,-1.151741566535362,1.465456440077677,-1.6278002889604162,0.70722786577
Neisseria subflava_A,9193.0,0.10247244462153672,0.11183034636007927,-0.5298812943186276,-0.012236851346225753,-0.2806655679884198,1.5536896784161254,-5.436365021682289,0.70722786577
Neisseria sp000186165,9193.0,0.10247244462153672,0.11183034636007927,-0.7339025916532486,-0.2653990193284207,-1.1576871853853685,1.3589512955652996,-1.4674255554945883,0.70722786577
Fusobacterium_A mortiferum,9196.0,0.10336607566585032,0.11154050528959958,-0.014158854936743695,0.8060741865026316,-1.5992430564080067,0.917792533514028,,0.70722786577
Paenibacillus tengchongensis,9228.0,0.11328823662607351,0.10844886720448288,-0.39728140016142405,0.06286093049705971,1.0551448833206383,1.6106145763578823,,0.7262066450389327
Succinivibrio sp002449335,9226.0,0.11264688140062364,0.10864209458480267,-0.3789177930944863,0.07858589865561255,1.307519320549705,1.629303820576144,,0.7262066450389327
UBA1685 sp900546845,11482.0,0.1104246541043035,-0.10931839041592184,-0.35107174070577224,-0.6699412920805371,1.307519320549705,-0.9154814202391997,0.9322688055411971,0.7262066450389327
Alectryocaccomicrobium excrementavium,9237.0,0.11621000420492328,0.10757934399304381,-0.8421813066569172,-0.4680722506802865,-1.4234636111131387,-0.3844374379693747,-0.8473996162123351,0.7263125262807705
Fimivicinus sp900544715,9233.0,0.11490421249165302,0.1079657987536834,-0.9710201129825929,-0.5800536715808525,-1.5282753602291095,-1.2981455303093021,-0.7433147828235871,0.7263125262807705
Megasphaera massiliensis,11457.0,0.11852316590707472,-0.10690304816192464,0.05325974739885756,-0.31721357649194937,1.4127107791062343,-0.04202279983998025,,0.7316244809078686
Veillonella_A sp000431435,11408.0,0.13574000900135644,-0.1021689773440897,0.5276039305817659,0.15726302317997579,1.6865609545684563,1.629303820576144,-1.746275812354564,0.7642246664552893
Escherichia fergusonii,11409.0,0.13537030974880848,-0.10226559103424959,0.9856052528339307,0.5592699484129523,1.073086950978217,0.5284799077050302,-0.8174651326453514,0.7642246664552893
Escherichia sp001660175,11425.0,0.1295603585596797,-0.10381141007680794,0.516691771082735,0.11143401102273803,1.072623319979252,0.09127654024204013,-2.213114269139574,0.7642246664552893
Erysipelatoclostridium ramosum,11398.0,0.13948000894952586,-0.10120284044249073,2.185807198386491,1.7540676232429784,2.2916387659794797,1.751809170765739,-0.3174617839140672,0.7642246664552893
UMGS902 sp003343845,11401.0,0.13834977329465947,-0.10149268151297042,-0.17881491379221737,-0.5671445670929295,1.457412985955438,-0.6613627167141516,1.665249468102046,0.7642246664552893
Anaerovibrio slackiae,11395.0,0.14061733862777323,-0.10091299937201104,-0.34809958346753184,-0.8081054332456152,1.457412985955438,-1.345706246340562,1.2150434478076386,0.7642246664552893
Enterobacter ludwigii,9295.0,0.13648174616429404,0.1019757499637699,0.09591406398025802,0.5314271836673253,0.20106495613563524,1.2314881587321338,2.470057734647375,0.7642246664552893
Alistipes putredinis,9279.0,0.1306347183710655,0.10352156900632825,3.53621225343163,4.002594638056635,3.8586984318405344,4.6247679062064595,0.17873064248131768,0.7642246664552893
UMGS687 sp900545735,9306.0,0.14061733862777323,0.10091299937201104,-0.5996492979937998,-0.16606605081342624,-0.05032422355596822,1.3610180933845655,-1.8523618297307145,0.7642246664552893
Finegoldia sp900766215,9293.0,0.13574000900135644,0.1021689773440897,-1.294112741222943,-0.8550557575220192,-2.209936693713736,-1.9202714938454495,-0.5978729036730397,0.7642246664552893
UBA10281 sp900554485,11401.0,0.13834977329465947,-0.10149268151297042,-0.042774891981854954,-0.3447886143134851,1.628535022866986,1.380600249574222,3.010876047121905,0.7642246664552893
Acidaminococcus sp905213155,9357.0,0.1610601598208521,0.0959857011738563,-0.1610918819973612,0.1820048129464335,1.5685165476792182,1.6791821686315433,,0.7785318948201182
Intestinibacter sp900540355,11334.0,0.1653195392417126,-0.09501956427225733,0.08248747410782312,-0.3322076492699326,0.26308209985025144,-0.06195988978604028,,0.7785318948201182
QAMH01 sp900544245,11327.0,0.1683511726190161,-0.09434326844113805,0.2827192790446929,0.002866451390253859,1.6836555964217705,1.6140331213629988,-6.623960143812628,0.7785318948201182
Alangreenwoodia gallinarii,11303.0,0.17906233580862718,-0.09202453987730053,-0.12556193716020528,-0.436215367515456,1.4950432698978666,0.9166481551153804,1.7966414120429732,0.7785318948201182
UBA1757 sp017380635,11306.0,0.1776963745138539,-0.09231438094778022,0.2437825676823945,-0.2376723922228053,1.6154717246871826,1.4457087630426564,,0.7785318948201182
Desulfovibrio intestinigallinarum,11314.0,0.17409176071866705,-0.09308729046905939,0.25528501919356156,-0.20967356401685966,1.6429181447453,1.425017927992915,,0.7785318948201182
Ruminiclostridium_E sp003512525,9396.0,0.17815083023099765,0.09221776725762043,-0.5933796945530814,-0.253100043109698,-0.8785807731124873,-0.09434984862011042,-1.2292478087443692,0.7785318948201182
Veillonella parvula_A,11348.0,0.15937981255878697,-0.09637215593449588,1.5678533356810282,1.1099162923848649,1.4451526518994537,1.1233040755705197,-0.4983397333865562,0.7785318948201182
CCUG-7971 sp017590215,9363.0,0.1636057247754079,0.09540601903289692,-1.0580136313112611,-0.5840512366870442,-1.8309600085150795,-0.4381449150552932,-0.8571913740259431,0.7785318948201182
Holdemanella sp900547815,9387.0,0.17409176071866705,0.0930872904690595,-0.3091087330284005,0.06880410407642566,-1.0573313963358757,-0.11252086185500154,,0.7785318948201182
Prevotella sp900290275,9324.0,0.14759162812814025,0.09917395294913289,1.028642750711591,1.371784174283429,0.3984488962856023,0.9446437902667011,0.4153114978379384,0.7785318948201182
Cryptobacterium curtum,11314.0,0.17409176071866705,-0.09308729046905939,0.06198784100826863,-0.346297802464709,1.628535022866986,0.1813528784111753,,0.7785318948201182
Clostridium disporicum,11384.0,0.14484862759523304,-0.09985024878025217,-0.7782216035765547,-1.187986664794635,-1.5098703471331927,-1.8402531917763163,0.6102657070881605,0.7785318948201182
Escherichia sp002965065,11306.0,0.1776963745138539,-0.09231438094778022,1.131978246252094,0.7503871821290271,1.2894673708320674,0.7073290590533272,-0.5931391433256045,0.7785318948201182
Fimimonas sp003537755,11341.0,0.16232917720556905,-0.0956958601033766,0.0020249035910498026,-0.29306169873778315,1.5669644224606163,1.380600249574222,,0.7785318948201182
Akkermansia muciniphila,9336.0,0.15238603457165198,0.09801458866721413,0.6478209116361303,1.136149218491705,1.457412985955438,1.6354954009946923,0.8104853815040591,0.7785318948201182
Acidaminococcus intestini,11316.0,0.17319919985331989,-0.09328051784937919,1.036708800830196,0.5413678282312611,1.5765837242994447,1.1662605063475322,-0.9373296534713068,0.7785318948201182
Fimivicinus sp900544375,9357.0,0.1610601598208521,0.0959857011738563,-0.8866314351336054,-0.33045350800931894,-1.7796427819251832,-1.3760627133893895,-1.423887205156381,0.7785318948201182
Alectryocaccomicrobium faecavium,9376.0,0.16922497187606034,0.09415004106081837,-0.4124166140089333,-0.06785423055392874,1.3287649897945712,1.36834505363748,-2.603591797678751,0.7785318948201182
Acidaminococcus provencensis,9366.0,0.1648898241916047,0.09511617796241723,-0.3633675892706849,-0.11689188257670252,0.7884593462177918,1.549764678236233,-1.6362550048356341,0.7785318948201182
Gallimonas faecium,9358.0,0.16148233027147763,0.0958890874836964,-1.494650323277633,-1.181896669980372,-2.836423879363247,-2.543690447804453,-0.33870409236949117,0.7785318948201182
Ligilactobacillus ruminis,11323.0,0.1701021684822006,-0.09395681368049846,-0.5714116035750624,-0.8705726615764114,-1.1462038880416934,-1.7236474917155107,0.6074343838565924,0.7785318948201182
JAHALF01 sp018371275,9366.0,0.1648898241916047,0.09511617796241723,-0.09470013255462578,0.33467789652045543,1.4809880093513819,1.6528586011957689,,0.7785318948201182
Lactococcus lactis,11276.0,0.1917090195040665,-0.08941597024298353,0.019843860702910856,-0.32668448261876165,1.3287649897945712,0.883794416248298,,0.8055000819498592
Aphodovivens excrementavium,11276.0,0.1917090195040665,-0.08941597024298353,0.4977911475487692,0.17659883663567488,1.6910180271121114,1.6460794629954911,-1.4950647300549105,0.8055000819498592
CAG-488 sp003486665,11279.0,0.19027222269895128,-0.08970581131346322,0.42287293225244854,0.08512269944357401,1.6836555964217705,1.6327535964497404,-2.312608396092217,0.8055000819498592
Prevotella sp002265625,9423.0,0.19075027115404475,0.08960919762330322,0.711272590292596,1.1022770492275467,0.6259280822738074,0.7589472841207883,0.6320124057404298,0.8055000819498592
Christensenella sp014287795,9433.0,0.19557946402411253,0.08864306072170425,-1.0914247864355542,-0.8451992204186748,-2.3204039120664834,-1.6029326844165475,-0.36884937172469917,0.8149144334338022
Faecivivens stercoripullorum,9437.0,0.19753603127253538,0.08825660596106466,-0.531794320673847,-0.28938139360015763,0.8208414233677015,1.2216247619773082,-0.8778962085434906,0.8162645920352702
Caecibacter sp003467125,11250.0,0.20449678440562447,-0.08690401429882622,0.2660121321437805,-0.03390816236566565,1.3229080750819069,0.836710527998898,,0.8312877414862784
Enterocloster sp001517625,9448.0,0.2029903749972306,0.0871938553693058,2.1063608313333333,2.450844882270033,1.199852829611661,1.5708127367324867,0.21852657739279882,0.8312877414862784
QALW01 sp900547955,9462.0,0.2100898379196965,0.08584126370706724,-0.6238554342350846,-0.25713946409021005,-0.6918836441631537,0.8989084125115667,-1.2786607133797827,0.8471364432245826
Pyramidobacter sp002007215,9470.0,0.21422649370668256,0.08506835418578818,-0.21705178829169863,0.18660992290185888,1.457412985955438,1.6327535964497404,,0.8569059748267303
Dialister succinatiphilus,9480.0,0.21947950023763707,0.0841022172841892,-0.5348938862095336,-0.248184301920087,-0.19249784031776151,0.020250755272623877,-1.107840851580722,0.8709503977684011
UBA1829 sp900548385,9516.0,0.23915434384467493,0.08062412443843292,-0.13092432496655065,0.3010922074381311,1.5710354633601753,1.6409298441596931,,0.8789203438871539
UBA4334 sp902801475,11113.0,0.28215866425305725,-0.07366793874692035,-0.11554192931393979,-0.4361619039003491,1.5157942939134763,0.883794416248298,1.916447283940686,0.8789203438871539
Anaeroglobus vaginalis,11087.0,0.2989040598929892,-0.07115598280276325,-0.22198742208505134,-0.5430410129447342,0.7822837641736413,-0.2527230294571936,1.2905832298338125,0.8789203438871539
Prevotella sp900551275,9568.0,0.26971869004661697,0.0756002125501184,2.268444604169442,2.6016686196180645,0.9907160020341443,1.3589512955652996,0.1977337851218596,0.8789203438871539
Prevotella hominis,9656.0,0.3273290946392191,0.06709820781604758,1.3721812794718429,1.7349118077833237,0.28267180315810414,0.8354773694143098,0.33839123755176465,0.8789203438871539
Holdemanella porci,9524.0,0.24369047322855908,0.07985121491715375,-0.3662132298736866,0.148125103051098,-1.606259767340859,-1.466325588912344,,0.8789203438871539
Prevotella sp000434975,9554.0,0.26123787595872483,0.07695280421235684,1.5880149375791774,2.0286857031676773,1.0766042686460136,0.8645464720227061,0.3533208875803169,0.8789203438871539
Prevotella sp900551985,9650.0,0.3231642785517618,0.06767788995700685,0.59204515699221,0.8853200783210694,0.592557782300025,0.9166481551153804,0.5804919216113325,0.8789203438871539
Barnesiella intestinihominis,9556.0,0.26243800169070597,0.07675957683203705,1.8223219521187275,2.244644799947895,1.5455126922714708,1.6791821686315433,0.30070930145193403,0.8789203438871539
Terrisporobacter glycolicus,9650.0,0.3231642785517618,0.06767788995700685,-1.3075312599259374,-1.05296694705672,-2.371728083693018,-2.085614937744083,-0.31238528806674315,0.8789203438871539
Aveggerthella stercoripullorum,11199.0,0.2313600901530083,-0.08197671610067148,0.24830437950324127,-0.04366605440807241,1.6644395706203952,1.6140331213629988,,0.8789203438871539
Tidjanibacter inops_A,9657.0,0.3280266036193956,0.06700159412588769,-0.15063588346611656,0.1920365068318667,-0.320879663434944,-0.1648088287626095,,0.8789203438871539
Fimisoma sp000435715,9617.0,0.300878051381521,0.07086614173228345,-0.5340511092085831,-0.2186341266737305,-1.1708279160561652,-0.5344746208169937,-1.2884592103936479,0.8789203438871539
Alistipes avistercoris,9656.0,0.3273290946392191,0.06709820781604758,-0.5104084853865689,-0.1570318631228803,-0.9050248447762819,-0.7652330847296156,-1.7005949959122826,0.8789203438871539
Cellulosilyticum ruminicola,9654.0,0.32593696759431645,0.06729143519636738,-0.8815344808649107,-0.5813629683380603,-1.883180457384018,-0.5512487192342181,-0.600577824324271,0.8789203438871539
UMGS902 sp900761025,11056.0,0.3197201048294108,-0.06816095840780645,-0.6647937245557249,-0.9867518915882598,-1.424118514900357,-1.637560574101597,0.569780616869607,0.8789203438871539
Ruminococcus_C sp000980705,11047.0,0.32593696759431645,-0.06729143519636738,1.259068247996004,0.9801755050703498,1.2999373720677951,1.029939814065509,-0.361244487510433,0.8789203438871539
UBA1829 sp900549045,9559.0,0.2642453206004852,0.07646973576155747,-1.0081529796834197,-0.7870430379542148,-2.1231206488286514,-1.4122019750852157,-0.3572001400045434,0.8789203438871539
Copromorpha sp905193765,9656.0,0.3273290946392191,0.06709820781604758,-0.5913201790463835,-0.38930039985392983,1.0835821156633099,1.2304988820200755,-0.6030556852844156,0.8789203438871539
Lactobacillus porci,11088.0,0.29824798805822506,-0.07125259649292315,-0.07455582734489544,-0.428221400685777,1.5895565164585488,1.465456440077677,2.5219638890121803,0.8789203438871539
Aphodousia sp905212345,11056.0,0.3197201048294108,-0.06816095840780645,0.5890566183310254,0.35242429839312184,1.6976031730114958,1.6460794629954911,-0.7410929101930457,0.8789203438871539
UBA5905 sp900763035,11168.0,0.248865473058968,-0.07898169170571467,0.11367531442613614,-0.07587795020087884,1.6429181447453,1.598177869900356,,0.8789203438871539
Ruminiclostridium_E sp910579265,9613.0,0.29824798805822506,0.07125259649292304,-0.6679850636564771,-0.43167267032627327,-0.06471308689071975,0.8431033080591046,-0.6298780880811458,0.8789203438871539
CAG-488 sp000434915,9643.0,0.31834918323366734,0.06835418578812613,-0.6494068289647956,-0.3747628186421541,-0.32652948869463394,1.1662605063475322,-0.7931447313355072,0.8789203438871539
Egerieicola pullicola,9552.0,0.2600415501777178,0.07714603159267663,-0.9928753837348494,-0.5839607690965822,-1.9698421906732122,0.06716394336222287,-0.7657412057147437,0.8789203438871539
Catenibacterium sp900540685,9531.0,0.24770888412141823,0.07917491908603447,-0.752165724683067,-0.48174518422907947,-1.6694906597869856,-1.1604088422119752,-0.6427803223417197,0.8789203438871539
Butyrivibrio_A sp900771195,9596.0,0.28724192801517,0.07289502922564128,-0.9653652670252832,-0.5781629671429335,-2.145973165064097,0.8431033080591046,-0.7395987184795908,0.8789203438871539
Collinsella intestinalis,11064.0,0.3142595549892594,-0.06893386792908562,0.227497998824112,-0.0765125804351806,1.6154717246871826,1.4868108955114785,,0.8789203438871539
Erwinia mallotivora,9611.0,0.29693873175476937,0.07144582387324283,-0.4059991409456166,0.03511395531597369,1.3287649897945712,1.598177869900356,,0.8789203438871539
UBA3839 sp002393575,9547.0,0.2570673437820018,0.07762910004347612,-0.43775187365299645,-0.06055831931586764,0.5374682766226435,1.5487371578347613,-2.8537163025217627,0.8789203438871539
UBA4334 sp002363115,11099.0,0.291094696546616,-0.07231534708468179,-0.25839954464997317,-0.5112678373384709,0.06417912235771261,-0.574222087970993,0.9844757473505065,0.8789203438871539
Thermophilibacter provencensis,11059.0,0.3176651684671262,-0.06845079947828614,0.3168899246708351,0.13652447809418872,1.6644395706203952,1.629303820576144,-1.2148221431048951,0.8789203438871539
Dielma fastidiosa,9600.0,0.28980659763105554,0.0725085744650017,-0.8517964924674524,-0.6127127147919014,-0.639660932428967,-0.15107715429543944,-0.4752979999135422,0.8789203438871539
Excrementavichristensenella intestinipullorum,9568.0,0.26971869004661697,0.0756002125501184,-0.8340602179142689,-0.4360011581877484,-1.2961169932157883,-0.05284445193755971,-0.935819582094388,0.8789203438871539
Spyradocola merdavium,9514.0,0.2380296779207881,0.08081735181875271,-0.3922152242798337,-0.05387205979196982,0.9367754891137068,0.9166481551153804,-2.864036426944732,0.8789203438871539
Slackia_A isoflavoniconvertens,11058.0,0.31834918323366734,-0.06835418578812624,-0.02350078531906335,-0.3244266039549285,1.2894673708320674,-0.8303216125221198,3.7871113138318937,0.8789203438871539
Escherichia sp005843885,11109.0,0.28469262064060563,-0.07328148398628076,0.6465182602733457,0.3737606937257536,0.802108296096435,0.3070254635495626,-0.7905762594120987,0.8789203438871539
Escherichia ruysiae,11118.0,0.2790127874799794,-0.07415100719771983,0.7306187911515984,0.4507783802128086,0.6765086010523671,0.327367318259121,-0.6967005342939808,0.8789203438871539
Escherichia sp004211955,11207.0,0.22698810203483222,-0.08274962562195065,0.8330630390553914,0.5233132442284708,0.9925848537368633,0.3704609761192117,-0.6707508977268412,0.8789203438871539
Neisseria flavescens_C,9539.0,0.2523578767570991,0.07840200956475529,-0.4350854924446521,0.007330037541512875,0.5374682766226435,1.5912786021030065,,0.8789203438871539
Prevotella copri,9564.0,0.2672765528719505,0.07598666731075798,1.0185615783193032,1.4895282666057066,-0.21636967857465272,-0.10076402142047414,0.5483222985172167,0.8789203438871539
Klebsiella ornithinolytica,9576.0,0.2746487748921189,0.07482730302883922,-0.2882566203735184,-0.007334089396224922,-0.08055910378923947,0.2850244553041872,-5.296592272668624,0.8789203438871539
Gemmiger formicilis,9638.0,0.3149387496564492,0.06883725423892562,3.4916542838469025,3.7916470433899283,4.181352170682505,4.788702034152262,0.11891395122615957,0.8789203438871539
Sutterella wadsworthensis,9563.0,0.26666840164906536,0.07608328100091788,1.6290709853193654,2.0446574448963015,1.7201666761513863,2.1804992835034414,0.327809689519633,0.8789203438871539
Eubacterium_R sp910577195,9637.0,0.3142595549892594,0.06893386792908551,-0.7083586352893811,-0.44559916175509573,-1.1314136252652887,0.03679361819868099,-0.6687334506182391,0.8789203438871539
Megamonas sp900556715,9549.0,0.2582541808666733,0.07743587266315632,-0.14101203921788263,0.21251980670899143,-0.18848974833153775,1.2216247619773082,,0.8789203438871539
CAG-485 sp910578075,9522.0,0.2425508142524483,0.08004444229747354,-0.042060202187591794,0.410378281285829,1.5710354633601753,1.6634602301552697,,0.8789203438871539
Avispirillum faecium,11161.0,0.2529432491556308,-0.0783053958745954,0.14606163950590936,-0.0648689417723885,1.628535022866986,1.5384186511197022,,0.8789203438871539
Faecousia sp003525905,9660.0,0.3301249116796432,0.066711753055408,1.3511624649647367,1.578640115934092,1.7298804298889046,1.8557909532313879,0.22448115997189236,0.8789203438871539
Megasphaera sp000417505,9653.0,0.3252423496344109,0.06738804888652727,0.009014826191298743,0.3589314709266161,1.128228390694014,1.465456440077677,5.315264780907825,0.8789203438871539
Catenibacterium sp900764565,9663.0,0.33223188998934416,0.0664219119849283,-1.304581071977148,-1.0331300471700537,-2.365950317333855,-1.9259979078371519,-0.3365647346124865,0.8789203438871539
Prevotella sp900771975,9642.0,0.3176651684671262,0.06845079947828603,0.2856289319708685,0.6074942112598407,0.25962340772181314,0.7045225957037875,1.0887285383757273,0.8789203438871539
UMGS1590 sp900552455,11202.0,0.22971363700608038,-0.08226655717115117,-0.4871880298902465,-0.7256229753365753,0.24919935360321688,-1.1885690112322358,0.5747414505300418,0.8789203438871539
Lactobacillus amylolyticus,11040.0,0.3308262745191848,-0.0666151393652481,-0.2970414750812265,-0.4069663660599324,1.2894673708320674,1.1662605063475322,0.45424518385587936,0.8789203438871539
Prevotella sp900550035,9638.0,0.3149387496564492,0.06883725423892562,0.738245461008587,1.0204236053212241,0.126776780343004,0.7235267620339574,0.46699569126264984,0.8789203438871539
RGIG8773 sp018110825,11072.0,0.3088606991907614,-0.0697067774503648,-0.7194123170077604,-1.0588509529097798,-1.4349903056730025,-1.9866332404605291,0.5576087610318808,0.8789203438871539
Fenollaria massiliensis,11174.0,0.24540700635609825,-0.07956137384667405,-0.8485268450122153,-1.0553545033718814,-1.4711657906806632,-1.9715023946704786,0.31469548689836424,0.8789203438871539
Megasphaera cerevisiae,11067.0,0.3122277548442458,-0.06922370899956531,-0.1255454655300976,-0.3660000889694657,1.3355844931274028,1.1662605063475322,1.5436340846827012,0.8789203438871539
Holdemanella sp900754615,9583.0,0.2790127874799794,0.07415100719771994,-0.13337160409253807,0.14321146819970926,0.7028451164465235,1.3610180933845655,,0.8789203438871539
CAG-488 sp900539465,9581.0,0.2777611417975513,0.07434423457803974,-0.5916933674291793,-0.3578711979148035,-1.0022695264249872,1.1662605063475322,-0.7254092870549034,0.8789203438871539
Duodenibacillus intestinigallinarum,11199.0,0.2313600901530083,-0.08197671610067148,1.0721174776434454,0.805277046896415,1.739495600700728,1.6529012595854393,-0.4129058803859891,0.8789203438871539
Holdemanella sp003458715,9546.0,0.25647534698382757,0.07772571373363601,-0.5662680071857104,-0.26152206870840006,-1.549331643650408,-1.2684429217796929,-1.1145523318501454,0.8789203438871539
Raoultibacter timonensis,9508.0,0.23467810399605815,0.0813970339597121,-0.5482512112942367,-0.2202095152993651,0.22058462814395696,0.5814069219728211,-1.315960288876662,0.8789203438871539
ER4 sp000765235,9688.0,0.3501268580497553,0.06400656973093088,2.7621807129141414,2.957176608388334,1.8955749005126084,2.219064410157415,0.09841269700910858,0.8807204076892463
Prevotella sp002297965,10977.0,0.3769483344909974,-0.0605284768851746,0.7122786571851772,0.4693318125387407,1.6910180271121114,1.6146055107493886,-0.6018335074491223,0.8807204076892463
Aphodousia sp900545335,9708.0,0.36487479448571924,0.06207429592773295,-0.4076268624169441,-0.1211893275741563,1.2080218160411125,1.239900906716633,-1.749986481118053,0.8807204076892463
CAG-170 sp000432135,11010.0,0.3523146140351858,-0.0637167286604512,0.1119401255973291,-0.07116457432648163,-0.0895507855168205,-0.4068853557015988,,0.8807204076892463
Prevotella sp900313215,9689.0,0.3508551505086436,0.06390995604077099,0.7199533749693734,1.0964633877218746,-0.41113177841500104,0.2312649540426488,0.6068822546848981,0.8807204076892463
CAG-873 sp900540625,11000.0,0.3596694514624118,-0.06275059175885223,-0.7053777387686863,-0.9812460212699674,-1.303452817608374,-1.6889784945614092,0.47621885364781513,0.8807204076892463
Parolsenella sp900552935,9719.0,0.37314915408671157,0.06101154533597408,-0.31669441492930284,-0.06620456868133699,1.307519320549705,1.549764678236233,-2.2580887582747473,0.8807204076892463
Enorma burkinafasonensis,10989.0,0.3678702980537991,-0.06168784116709336,0.2533064430763302,-0.034826646305084565,1.628535022866986,1.5231723506291193,,0.8807204076892463
UBA3839 sp002350855,11023.0,0.34289675038961953,-0.06497270663252985,-0.4748919615587715,-0.7438988294458224,1.3988008409916315,-1.6111189792661715,0.6475070925684179,0.8807204076892463
Prevotella sp900765465,9688.0,0.3501268580497553,0.06400656973093088,0.6388551708166631,0.8120747446351517,-0.2717749798063078,-0.0033864122898705773,0.34612361330173325,0.8807204076892463
Enterosoma sp900763245,11006.0,0.3552450500539678,-0.0633302738998116,-0.5748785880929402,-0.825222278946147,-1.0199796947593178,-1.6024178048214974,0.5215254744993876,0.8807204076892463
Klebsiella pneumoniae,11002.0,0.3581908203433579,-0.06294381913917202,1.0205519327497412,0.7868286197979324,1.1630160003670795,0.8810505845706889,-0.3752282584218498,0.8807204076892463
Prevotella sp900553155,10979.0,0.3754258085657094,-0.06072170426549439,0.46382123826739463,0.24553909675636282,1.4742641255775712,1.2846568343947862,-0.9176161187920734,0.8807204076892463
UBA3855 sp017460955,10994.0,0.3641283061284928,-0.062170909617892844,0.3159004405658654,0.19736661364345348,1.666382549297328,1.6460794629954911,-0.6785919809221492,0.8807204076892463
CAG-873 sp002633115,10981.0,0.3739070872298017,-0.060914931645814185,-0.4207705594327468,-0.6412280941958849,1.2894673708320674,-1.0792381409829197,0.6078038716531418,0.8807204076892463
UMGS929 sp900546875,11021.0,0.3443350854537395,-0.06477947925221006,-0.02783725411988138,-0.23742759897871146,1.5669644224606163,1.0919881999445646,3.0923988765609054,0.8807204076892463
Anaerovibrio sp900768695,9700.0,0.3589296572617646,0.06284720544901212,-0.8117945263698847,-0.5899891098334225,-1.4646511347082303,-0.6466956457098529,-0.46042628808339864,0.8807204076892463
CAG-269 sp001916035,9706.0,0.3633827733198247,0.06226752330805274,-0.19432992095936275,0.0733003556273626,0.06554384391065149,0.883794416248298,,0.8807204076892463
CCUG-7971 spG000499525,9708.0,0.36487479448571924,0.06207429592773295,-0.7321060526170957,-0.41187405006341765,-0.9754582689743305,1.465456440077677,-0.8298494207332161,0.8807204076892463
UBA1206 sp000433115,10988.0,0.3686215601076902,-0.06159122747693346,0.21156518317537476,-0.06163135382868493,1.5974086240338004,1.6137142138810976,,0.8807204076892463
Lactococcus_A plantarum,9705.0,0.3626381963197818,0.06236413699821264,0.1812819846728031,0.5738570884825507,1.6644395706203952,1.6960263239227764,1.6624559311054112,0.8807204076892463
Fusobacterium_A ulcerans,9678.0,0.34289675038961953,0.06497270663252985,0.1012137238988149,0.47106088632601756,1.5407387529940788,1.380600249574222,2.2185086112392636,0.8807204076892463
Holdemanella biformis,9682.0,0.3457772650303398,0.06458625187189027,0.5103896988007901,0.7989224905787567,-0.22077077802896383,0.09723021331371129,0.6464563308588136,0.8807204076892463
Streptococcus macacae,9723.0,0.37618659611754723,0.060625090575334495,-0.4623172928253305,-0.23356056422366928,-0.5761919735345451,1.465456440077677,-0.9850866287338882,0.8807204076892463
Pseudoscardovia suis,10996.0,0.3626381963197818,-0.06236413699821264,0.0981865193631363,-0.015443833041740823,1.5931106426629462,1.6203986538017734,,0.8807204076892463
Fimenecus sp000432435,9727.0,0.37923925121020263,0.06023863581469491,1.300171485973878,1.4806455825979072,0.503940621326258,0.9528882103275027,0.187524428607473,0.8819517470004713
Spyradomonas sp900547585,9734.0,0.3846179385158496,0.05956233998357563,-1.1517834186179092,-0.7929077373311192,-2.0702229080730987,-1.706649087584438,-0.538644549489281,0.8819854826003432
Dialister invisus,9731.0,0.3823070977780505,0.05985218105405532,-0.013557258645057479,0.18405304568770509,-0.9962528098203851,-0.662384276168952,,0.8819854826003432
Alloscardovia omnicolens,9743.0,0.39160155427455234,0.05869281677213656,-0.8307164431376669,-0.6653430879876648,-1.0929203558178386,-1.0307146240877163,-0.3202576452584071,0.8819854826003432
Phascolarctobacterium_A sp900770955,9737.0,0.38693730177089547,0.05927249891309594,0.22692558803902413,0.5322801531727691,1.3988008409916315,1.6513532498256822,1.2299664747684083,0.8819854826003432
Eubacterium_R sp002361935,9735.0,0.3853901131562639,0.05946572629341573,-0.015076823057811625,0.30268227828187994,1.5974086240338004,1.6527923335154924,,0.8819854826003432
CAG-274 sp000432155,9742.0,0.3908218179824612,0.058789430462296455,-0.7727347436478276,-0.491353165472706,-1.9637373689774886,-1.4039668660976599,-0.6532129165874416,0.8819854826003432
Tractidigestivibacter sp004557505,10958.0,0.39160155427455234,-0.05869281677213656,0.07054214554815522,-0.10786344756671823,1.5765837242994447,1.4868108955114785,,0.8819854826003432
Flemingibacterium sp900546315,10950.0,0.3978733715648577,-0.05791990725085738,-0.6364045053929825,-0.8386433961458093,-1.650507605373301,-1.7306173612412135,0.3981134366615092,0.8920927613561832
UBA4334 sp905235525,10944.0,0.4026167244441138,-0.057340225109898,-0.44209542393948337,-0.586099205831276,0.7974167173191944,-0.9410266820684168,0.406787082018589,0.8986980456341825
Desulfovibrio sp905214305,10916.0,0.42519671158795747,-0.05463504178542089,-0.9115193709080813,-1.1565450645997442,-1.734113765788333,-2.190357269208647,0.343476261046599,0.9001717150820718
Holdemanella sp003436425,9775.0,0.4170487883476751,0.05560117868701997,-0.4901001059984433,-0.09588170023104617,-1.3516746254808698,-1.4669463839180832,-2.3537490738268425,0.9001717150820718
Duodenibacillus intestinavium,10914.0,0.4268373818822,-0.0544418144051011,1.0474227670651148,0.8760003802679498,1.7298804298889046,1.6872134752703598,-0.25784046757470397,0.9001717150820718
Negativibacillus massiliensis,9768.0,0.41140042214836514,0.05627747451813925,0.8264326606796819,1.0816436268036125,0.2811067759477712,0.669691964546999,0.3882560710188313,0.9001717150820718
UMGS1322 sp905214315,10930.0,0.41381557074634323,-0.055987633447659446,-0.061252230349190785,-0.2572004943433533,1.4742641255775712,1.3589512955652996,2.0700591511220856,0.9001717150820718
Collinsella tanakaei,9786.0,0.4260165859087951,0.054538428095261104,-0.8783813111742697,-0.7224636320126899,-1.8810942085489941,-1.6726301035908637,-0.2819223937780864,0.9001717150820718
Succinivibrio sp900315395,10936.0,0.4089936590576789,-0.05656731558861883,-0.2337796492572842,-0.4008816886285277,1.2080218160411125,1.3589512955652996,0.7780271751618038,0.9001717150820718
UMGS124 sp900539345,9788.0,0.4276590989073472,0.05434520071494131,-0.6492592300981308,-0.4365922948883594,-1.430923781820363,0.8431033080591046,-0.5725079505542163,0.9001717150820718
Merdimorpha sp003150615,10936.0,0.4089936590576789,-0.05656731558861883,0.2788895986748376,0.15670023183571316,1.307519320549705,0.6165107716928446,-0.8316868110541938,0.9001717150820718
51-20 sp001917175,10912.0,0.42848173637906617,-0.0542485870247813,0.3751817532443149,0.2476272961520882,1.4742641255775712,1.1672263062192485,-0.5994193101790136,0.9001717150820718
UBA11524 sp000437595,10928.0,0.4154303214122652,-0.05579440606733965,-0.010717277851285742,-0.13163412399944754,-0.6641197501508689,-1.5336019901160771,3.6185232381050993,0.9001717150820718
Fusobacterium_B sp900554355,10912.0,0.42848173637906617,-0.0542485870247813,0.19333969999500417,-0.04212660046267935,1.5931106426629462,1.549764678236233,,0.9001717150820718
Campylobacter_B sp900539505,9787.0,0.4268373818822,0.05444181440510121,-0.851012560574338,-0.5486542231898366,-1.6462097452522357,0.9649578641966396,-0.6332832165766291,0.9001717150820718
Ligilactobacillus salivarius,9767.0,0.4105972353689491,0.056374088208299145,0.3807811603811951,0.5727391467924666,1.5765837242994447,1.6460794629954911,0.5889161126598135,0.9001717150820718
Klebsiella michiganensis,10905.0,0.4342659194375885,-0.05357229119366225,0.13585389290971367,-0.06908829069000509,0.5806145932661,0.08698140364322171,,0.9026885854229103
Romboutsia_D sp000686145,10905.0,0.4342659194375885,-0.05357229119366225,-1.2141156860361544,-1.3261667597255342,-2.1524309964273094,-2.478039341660427,0.1273563054306873,0.9026885854229103
Cellulosilyticum sp002735925,9797.0,0.43509589817384275,0.05347567750350224,-0.9833177378571893,-0.6958202467771261,-2.012110950383816,0.883794416248298,-0.4989430095082901,0.9026885854229103
SFEL01 sp016292635,9806.0,0.4426067942342766,0.05260615429206317,-0.6069872957318452,-0.36823283113310684,1.0551448833206383,1.3589512955652996,-0.721048061544371,0.9030201148069373
Cryptobacteroides merdigallinarum,10894.0,0.4434458912990652,-0.05250954060190338,-0.880760733232868,-1.1285605001153398,-1.8332709497193562,-2.231249571378237,0.3576617051856265,0.9030201148069373
UBA3379 sp002359025,9806.0,0.4426067942342766,0.05260615429206317,-1.2852373300912403,-0.9938181536520143,-2.083353576326674,-2.17591307849138,-0.3709809900199566,0.9030201148069373
Faecalibacterium prausnitzii_C,10896.0,0.4417686059785886,-0.052702767982223175,4.237325644186347,4.028766260397524,4.743085429983993,4.798927176622428,-0.07281589988288811,0.9030201148069373
Prevotella sp002251385,9808.0,0.44428589648501315,0.052412926911743374,-0.16191963623210592,0.07485353501861207,-0.3698015078704344,-0.2951622127323503,,0.9030201148069373
Streptococcus gallolyticus_B,10885.0,0.4510385463408856,-0.05164001739046431,-0.7059030968934605,-0.7628207514721905,-1.1786406657175483,-1.3589368676956788,0.11187394024105908,0.9130334946171773
Phascolarctobacterium faecium,10881.0,0.45443653579720544,-0.05125356262982472,1.7174017441464715,1.3301313823426275,1.4809880093513819,1.6443616610639609,-0.36865880833916775,0.9162026931395271
Sutterella sp900754475,10836.0,0.4936428223646586,-0.046905946572629365,0.20169883596610785,-0.006538658141229927,1.6865609545684563,1.6327535964497404,,0.922638380715626
Porphyromonas sp900548415,10856.0,0.47599781132648866,-0.0488382203758273,-0.32365092478989804,-0.5344906215822803,1.2080218160411125,-1.1269102385605407,0.7237260095464706,0.922638380715626
Limimorpha sp015061335,10855.0,0.47687177220063626,-0.048741606685667405,-0.6442671920059003,-0.7331040781251545,-0.9708032988514255,-1.5334303665108084,0.1863589009609716,0.922638380715626
Alkalihalobacillus_A sp007293315,10835.0,0.49453417206357553,-0.04680933288246947,-0.04495953775286199,-0.061088571995228685,0.4690809722043685,0.9649578641966396,0.4422753221796045,0.922638380715626
Neisseria subflava,9848.0,0.47862232674001903,0.04854837930534761,-0.40617020861750885,-0.22879512216912085,0.7018745494269361,1.465456440077677,-0.8280281341600968,0.922638380715626
Eubacterium_G ventriosum,10839.0,0.4909739415263962,-0.047195787643109055,2.739462560302866,2.5984722385318646,3.3207622850252676,3.0214698386587475,-0.07622924104748492,0.922638380715626
CAG-793 sp013333035,10842.0,0.48831283269942816,-0.047485628713588746,-0.03945703944147798,-0.22439396355040717,1.5710354633601753,1.5487371578347613,2.5076792802017134,0.922638380715626
Mailhella sp905192935,10843.0,0.48742752785763455,-0.04758224240374864,-0.3898499822019774,-0.5408073940350439,1.3287649897945712,0.8431033080591046,0.4721958089577322,0.922638380715626
CAG-217 sp000436335,10838.0,0.49186270615727024,-0.04709917395294916,0.2598467294024655,0.13424246630482584,-0.6496169513652532,-0.7438347946035719,-0.9528197688893403,0.922638380715626
Holdemanella sp900556915,9860.0,0.48919900387170845,0.04738901502342885,0.16233215082980923,0.4128373657695735,-0.28105396458938436,0.0027829398263161664,1.3466247867581824,0.922638380715626
Dysgonomonas mossii,10871.0,0.4629943176010485,-0.050287425728225754,-0.7648343558814508,-0.8392622478202906,-1.3700046562730748,-1.7306173612412135,0.1339743565599059,0.922638380715626
CAG-302 sp001916775,9844.0,0.47512472919518467,0.0489348340659872,-0.673947810296441,-0.2872859392456434,-1.5076750827216383,0.6107022249909697,-1.2301494938750017,0.922638380715626
Caccoplasma merdipullorum,10856.0,0.47599781132648866,-0.0488382203758273,-0.037855612984645466,-0.08253739078192385,1.5157942939134763,1.5912786021030065,1.1245406228856012,0.922638380715626
Collinsella sp900555555,10837.0,0.4927523334155669,-0.04700256026278926,0.03883943914869956,-0.2060140064378638,1.5765837242994447,1.4868108955114785,,0.922638380715626
CAG-475 sp900763875,9851.0,0.48125472752192844,0.04825853823486792,-0.03279325872834733,0.17560376065572514,1.5669644224606163,1.6327535964497404,,0.922638380715626
CAG-103 sp900757655,10859.0,0.4733812045723781,-0.04912806144630699,0.37576847593498963,0.26036494258514553,1.0697309385360239,0.6985568857252122,-0.5293088324832236,0.922638380715626
Copromonas sp000435795,9852.0,0.48213394267683574,0.048161924544708024,0.9042758354372779,1.0723660694663513,-0.0974758857897502,-0.03152796650836365,0.24596266004081185,0.922638380715626
Duncaniella sp910586665,10855.0,0.47687177220063626,-0.048741606685667405,-0.23972614841479792,-0.3641146258786531,1.3287649897945712,0.9166481551153804,0.6030054134137783,0.922638380715626
Marinifilum sp013141825,10846.0,0.4847768204424039,-0.04787208347422833,0.2733499087878025,0.15874358006607356,1.666382549297328,1.6409298441596931,-0.7840506429696061,0.922638380715626
Bacteroides stercoris,10849.0,0.48213394267683574,-0.048161924544708024,5.48706603038694,5.340369474248881,5.311075324774259,5.239536571729917,-0.03909537860850838,0.922638380715626
Ellagibacter isourolithinifaciens,10813.0,0.5143596758001103,-0.04468383169895174,-0.3498931052799831,-0.48373868342562265,-0.0947932160827829,-0.25569420406263177,0.46731367617274233,0.9265360130757243
Mitsuokella multacida,9877.0,0.5043955547810623,0.0457465822907106,0.6091313580857411,0.9456792858550425,1.6751244102578315,1.6600943901111638,0.6345976191715869,0.9265360130757243
Leptotrichia_A sp001274535,10812.0,0.5152705530747004,-0.04458721800879184,-0.14424181386740378,-0.25457584479104634,1.5765837242994447,1.465456440077677,0.8196060970431656,0.9265360130757243
Holdemania sp904395815,9910.0,0.5345906456633881,0.042558330515434006,-0.06099441860853741,0.17485409321091697,1.5669644224606163,1.629303820576144,,0.9265360130757243
NM07-P-09 sp004793665,10787.0,0.5383116757980644,-0.04217187575479442,0.2982846929578305,0.2986610767581729,1.6976031730114958,1.6557103617974018,0.001819284564564302,0.9265360130757243
Eubacterium_T sp900766045,9881.0,0.5080070543984014,0.045360127530071015,-0.40035567551454115,-0.22925785261549503,1.2080218160411125,1.3610180933845655,-0.8043111106089879,0.9265360130757243
Mitsuokella jalaludinii,10805.0,0.5216700672650276,-0.04391092217767256,0.22622147126978462,0.13598601211998437,1.4809880093513819,1.380600249574222,-0.7342776018542694,0.9265360130757243
Porphyromonas sp001552775,10798.0,0.5281102229530168,-0.043234626346553284,-0.6542170756754238,-0.6902692792255494,0.2973052319329721,0.6128127662095011,0.07738986237598693,0.9265360130757243
Aveggerthella excrementigallinarum,10824.0,0.5043955547810623,-0.0457465822907106,-0.22448581615846827,-0.3696205980113607,1.5669644224606163,1.4868108955114785,0.7194208661713086,0.9265360130757243
Faecousia sp017548065,9902.0,0.5271877265388976,0.04333124003671318,-0.22278468255901981,-0.06781847376129231,1.457412985955438,1.5384186511197022,-1.7158998368328582,0.9265360130757243
Escherichia coli_E,10788.0,0.5373802013482389,-0.042268489444954316,0.5107044956577452,0.35463266879776756,0.9160599945732333,0.3479965467834365,-0.5261633141252706,0.9265360130757243
Roseburia inulinivorans,10823.0,0.5052971585038588,-0.045649968600550705,4.501596067530271,4.262885169207015,4.930366973858462,4.353356416871877,-0.07860641473578672,0.9265360130757243
Alloprevotella timonensis,9875.0,0.5025948956886507,0.045939809671030396,0.6664976749209746,0.895991929451514,-0.1841968605702835,0.167250744954071,0.42688589439321806,0.9265360130757243
Ruminiclostridium_E sp900539195,9915.0,0.5392439596100715,0.04207526206463452,-0.09564756940154692,0.13674938343001575,-0.6454338109406663,0.02206610537750464,,0.9265360130757243
Ruminococcus_C callidus,10805.0,0.5216700672650276,-0.04391092217767256,0.7019388317893637,0.5688567902991347,0.6356129946099465,-0.27538235325424054,-0.3032798167337802,0.9265360130757243
Prevotella sp002440225,10806.0,0.5207533540911907,-0.04400753586783246,1.2451675042993027,1.1081835252731247,1.6836555964217705,1.598177869900356,-0.1681430070049984,0.9265360130757243
Prevotella copri_A,9888.0,0.5143596758001103,0.04468383169895174,1.9103152998422077,2.0714769820216725,0.7336630732975777,1.4167695335089032,0.11684901284185466,0.9265360130757243
Streptobacillus hongkongensis,9912.0,0.5364495374118636,0.04236510313511421,-0.5507150822496052,-0.3188121042654624,-1.093609895576936,1.2216247619773082,-0.7885997167041955,0.9265360130757243
Clostridium butyricum,10787.0,0.5383116757980644,-0.04217187575479442,-0.7277755616435797,-0.8833510401572988,-1.232935638839935,-1.395604606032185,0.27949326640741495,0.9265360130757243
Phocaeicola plebeius_A,9904.0,0.5290335411601412,0.04313801265639339,3.8237991784432093,3.9708867093013676,2.935314671002068,2.9201989305755216,0.054454444257683234,0.9265360130757243
Pauljensenia turicensis,9889.0,0.5152705530747004,0.04458721800879184,-0.4864252233775679,-0.3152651584378526,1.0551448833206383,1.0687632597856211,-0.6256523034458477,0.9265360130757243
Prevotella sp015074785,9905.0,0.5299576800514347,0.04304139896623349,1.3213464303001563,1.5931211758591683,-0.012079220227763088,0.16765239218911887,0.26984724338038857,0.9265360130757243
Collinsella phocaeensis,10817.0,0.510724556212842,-0.045070286459591324,-0.532045161468676,-0.6786181640649486,0.25829900366299086,-1.0242918362712103,0.35105133581090725,0.9265360130757243
Aminipila sp004103735,10784.0,0.5411109506944268,-0.04188203468431473,-0.8531938234552956,-1.0026026844312286,-1.4497134955845503,-2.035571932250088,0.2328045755569543,0.926559847079498
Prevotella sp900767615,9921.0,0.5448545940847728,0.04149557992367514,1.915902060522864,2.1083349344858204,1.1073040865214363,1.0836607001501193,0.1380802611868246,0.9297859967316942
UBA4334 sp002393555,10776.0,0.5486110563534288,-0.041109125163035554,-0.6103383493764891,-0.6248751262508986,-0.8366838029688672,-0.760175786504373,0.03395867136250233,0.929849248056659
Acidaminococcus sp900315205,9924.0,0.5476707431675407,0.04120573885319545,-1.0475729437015462,-0.9110016772125091,-2.2134283114526347,-1.8131848515022089,-0.2015250888970356,0.929849248056659
Alloprevotella sp900540885,9939.0,0.5618585125548166,0.03975653350079711,-0.40217966670511934,-0.1629957166285036,-0.9564928824111387,-0.7185030901038036,-1.3030060970416553,0.9365425510560008
Megamonas funiformis,9934.0,0.5571095688379402,0.04023960195159659,0.38279290982549485,0.659411398289809,-1.0367343513551113,-0.6823437285127767,0.7846147152661075,0.9365425510560008
Paramuribaculum sp910588065,9943.0,0.5656717008378245,0.03937007874015752,0.13045498439363404,0.3502098053119944,1.6020606783551372,1.6557103617974018,1.424667403176951,0.9365425510560008
Prevotella sp002300055,9941.0,0.563763553314889,0.039563306120477315,0.22110009175454118,0.4598305289473509,0.4355306077258554,0.9027504509420776,1.0564026250176572,0.9365425510560008
Clostridium_P perfringens,9940.0,0.5628106439569118,0.03965991981063721,-0.5415556538048882,-0.344338822849343,-0.7186704071359316,0.3664584206800736,-0.6532807594911919,0.9365425510560008
Carnobacterium maltaromaticum,10758.0,0.5656717008378245,-0.03937007874015741,0.3649747829961169,0.44140411067892504,1.7134026861060523,1.6927815051195214,0.274303276336931,0.9365425510560008
Prevotella pectinovora,10766.0,0.558057791643306,-0.040142988261436585,0.5365184197655503,0.3995093835845805,0.6175166229718538,-0.15182159780332327,-0.42539831231605757,0.9365425510560008
Streptococcus sp003686955,9948.0,0.5704555948787633,0.03888701028935804,-0.765027465309623,-0.5401871630142596,-1.0921962954778728,-0.24822421630913816,-0.5020521877170796,0.9369033907211478
Enterococcus_D gallinarum,10748.0,0.5752586819027847,-0.03840394183855844,-0.8022272413840167,-0.8639271957057066,-1.3499184951191108,-1.4269948105335963,0.10689878295304152,0.9369033907211478
Cellulosilyticum pullistercoris,10753.0,0.5704555948787633,-0.038887010289357926,-0.2595609889907762,-0.3108235606941717,1.4742641255775712,1.5487371578347613,0.2600222981718047,0.9369033907211478
Faecivicinus avistercoris,9953.0,0.5752586819027847,0.03840394183855855,-0.46320604861300324,-0.2687429241509352,0.1575051218923882,0.9166481551153804,-0.7854273247704203,0.9369033907211478
Aphodosoma intestinipullorum,10749.0,0.5742965368537081,-0.03850055552871834,-0.4101703018202306,-0.4769249722891511,0.5374682766226435,-0.19327563920081303,0.21753928824844554,0.9369033907211478
W1P20-047 sp004555335,9955.0,0.57718525428811,0.03821071445823876,-0.6715352182801625,-0.4481634951572621,-1.174719095493554,0.630116423748623,-0.5834379241005034,0.9369890491690097
Porphyromonas endodontalis,10742.0,0.5810474911770281,-0.03782425969759906,-0.3258676672956618,-0.3537747536098624,0.5363882844389778,-0.611607488769895,0.11854488268910475,0.9372719202158581
DULI01 sp012840445,9961.0,0.5829831343742637,0.03763103231727938,-1.1958425106407995,-1.0504044668377082,-2.134657438172173,-2.088275452945698,-0.1870824466083981,0.9372719202158581
Prevotella sp900555035,9961.0,0.5829831343742637,0.03763103231727938,0.25097995796898837,0.5014611506832309,-0.9692454392023233,-0.740674939512548,0.9985657712732333,0.9372719202158581
Bifidobacterium adolescentis,10729.0,0.5936825446164398,-0.0365682817255204,2.4831948616593182,2.2609938118500943,2.356348213152379,2.880942776849949,-0.13524043373307873,0.9380756099585779
Ruminococcus_E bromii,9967.0,0.5888080337800183,0.03705135017632,2.297322856161754,2.456709253228832,2.326621338005312,2.1952181328467333,0.0967735063032835,0.9380756099585779
Ruminococcus_E sp905215855,10729.0,0.5936825446164398,-0.0365682817255204,1.140603279438369,0.9267706672302375,1.4809880093513819,1.2559553999085953,-0.2995127975449782,0.9380756099585779
Dialister sp900541605,10727.0,0.5956375070077369,-0.03637505434520061,0.21796435329774952,0.2128348128790631,1.5669644224606163,1.598177869900356,-0.03435806211059806,0.9380756099585779
Acetatifactor intestinalis,9972.0,0.5936825446164398,0.03656828172552051,2.626870185814908,2.789861506065635,2.8975698318349323,3.2838210832419277,0.0868485983279773,0.9380756099585779
Desulfovibrio piger,9965.0,0.5868634165228331,0.03724457755663979,0.5679795001434874,0.6189639782415026,1.70673250200322,1.7218388191357867,0.12401659129990172,0.9380756099585779
Eubacterium_R sp000436835,10726.0,0.5966160879336555,-0.03627844065504071,0.5505572365753245,0.39540081352892237,0.781323315677918,0.5735657624025539,-0.47757671543973,0.9380756099585779
Clostridium sp900540255,10721.0,0.6015199336738872,-0.03579537220424145,-0.1567225709697842,-0.24043842954311725,0.1638946379324171,0.22758400658802813,0.6174545355104023,0.9428212126549956
Collinsella stercoripullorum,10718.0,0.6044709430424056,-0.03550553113376176,-0.6710298951540521,-0.8405662330674571,-1.3890780874398398,-1.7021081875505466,0.3249844610657243,0.9444858485037587
PeH17 sp900542285,9986.0,0.6074284317473493,0.03521569006328196,-0.544804101420632,-0.4274647998945804,-0.4491371773093107,0.23603138126871315,-0.34993194066106253,0.9461502052139397
Limisoma sp000437795,9994.0,0.6153464481228903,0.03444278054200278,-0.14800365105919144,-0.03833119624382918,-1.0238731656250444,-0.8649858726779929,-1.9490418658835105,0.9496087162390282
46-32 sp003243445,9991.0,0.6123718722832696,0.03473262161248247,-0.3100830218842361,0.06002202159564345,1.2894673708320674,1.5582856363163966,,0.9496087162390282
Dialister hominis,10707.0,0.6153464481228903,-0.03444278054200289,0.005058469839339591,-0.1695876250640539,1.299466663387678,0.045744458006609534,,0.9496087162390282
Prevotella sp900544825,9996.0,0.6173330206587639,0.03424955316168299,0.2896608287304817,0.4773146983495251,-1.157711073096383,-0.7852843025885221,0.7205761612488353,0.9497431087057906
Aphodomorpha sp900549955,10005.0,0.6263071209816466,0.03338002995024392,0.03866040583904325,0.16112633660492898,1.5931106426629462,1.6203986538017734,2.059263610497517,0.9518345303672441
Fimenecus sp002437245,10701.0,0.6213145650895048,-0.03386309840104351,-0.03157440373699859,-0.14180251483547276,1.230112901072026,0.03424448968665672,2.167055759208914,0.9518345303672441
CAG-313 sp900539265,10004.0,0.6253072289140196,0.033476643640403814,0.27274478799806096,0.4424229391805031,1.6154717246871826,1.6513532498256822,0.6978745600487571,0.9518345303672441
Niameybacter massiliensis,10002.0,0.6233095130894697,0.03366987102072361,0.19630659219577815,0.2441390310032795,1.5974086240338004,1.6791821686315433,0.314594337770772,0.9518345303672441
Christensenella intestinihominis,10684.0,0.6383590061038686,-0.032220665668325266,-0.6486698762802107,-0.76259110226665,0.2568590400411228,-1.497491780312611,0.23342525572174866,0.9527746359759233
UBA11540 sp003445125,10688.0,0.634330876103323,-0.03260712042896485,-0.674762262522788,-0.789865537756578,-1.204979416463683,-1.5026995785225878,0.22722778808317812,0.9527746359759233
Collinsella sp900548365,10016.0,0.6373509663467793,0.03231727935848505,-0.7896565476940939,-0.7370800944326109,-1.840218706733829,-1.1280203670065898,-0.09940390816640242,0.9527746359759233
Prevotella sp900552515,10016.0,0.6373509663467793,0.03231727935848505,0.6433962610445975,0.6189936021455923,1.472861701591187,1.549764678236233,-0.055783054054145256,0.9527746359759233
Brachyspira aalborgi,10013.0,0.634330876103323,0.03260712042896474,0.7291085104476597,0.9072692407355708,1.6865609545684563,1.6876496688216527,0.3153972059651959,0.9527746359759233
QWKK01 sp009911695,10009.0,0.6303135481527761,0.03299357518960433,-0.9608542669083303,-0.8446116606791949,-1.9452458176711822,-1.864908293109984,-0.18602946867871456,0.9527746359759233
Agathobacter sp900546625,10657.0,0.6658237166924144,-0.02961209603400805,2.8808417979191496,2.8698342915466233,3.410798361210084,3.6292277854814072,-0.005523000773586838,0.9560774227329843
Clostridium sp900539375,10038.0,0.6596799176717463,0.030191778174967432,-0.8663256743174402,-0.7593039698849396,-1.640148140235663,-1.5379021005319338,-0.19023192262031197,0.9560774227329843
Prevotella sp900544495,10649.0,0.6740504038038424,-0.028839186512728876,1.105366018848427,0.8880043900536454,1.4742641255775712,1.375249014241346,-0.31588545270988716,0.9560774227329843
Enterococcus_C saigonensis,10057.0,0.6792120248266098,0.028356118061929392,-0.38646029295845136,-0.22293289956040077,0.5374682766226435,1.425017927992915,-0.7937106545652197,0.9560774227329843
Clostridium saudiense,10647.0,0.6761132283445597,-0.028645959132409082,0.26303862906604164,0.16647645819714532,-0.10420523317208286,0.22278416529783485,-0.6599565047372121,0.9560774227329843
CAG-1427 sp900554685,10673.0,0.6494912444640558,-0.0311579150765664,-0.030308065789965883,0.027224448253158968,1.5685165476792182,1.4868108955114785,,0.9560774227329843
Eubacterium_F sp003491505,10664.0,0.6586581648751091,-0.03028839186512733,0.7049736677125592,0.6977006854516751,0.07915098524963682,0.038549590976316495,-0.014961119714575637,0.9560774227329843
Desulfovibrio sp900556755,10661.0,0.6617253273175624,-0.029998550794647638,0.613631724367974,0.5174753010554537,1.6836555964217705,1.6137142138810976,-0.24588306590014636,0.9560774227329843
Paratractidigestivibacter faecalis,10057.0,0.6792120248266098,0.028356118061929392,-0.19894145929600562,-0.07445939824640475,1.2398605767109974,1.3610180933845655,-1.417818114503573,0.9560774227329843
UMGS1696 sp900753285,10050.0,0.6719900269023784,0.02903241389304867,-0.6348414239454202,-0.46923057457903566,-1.4935001568671282,-0.7705620086791445,-0.4360992481846118,0.9560774227329843
W3P20-009 sp015061285,10638.0,0.6854258637582316,-0.02777643592097001,-0.48555019712492226,-0.6449565707697891,-0.002876981042195581,-1.1483639013484126,0.4095815662781141,0.9560774227329843
Pseudobutyrivibrio ruminis_D,10653.0,0.6699321111337423,-0.029225641273368463,-0.7189890886941236,-0.7417096846297265,-0.540064322463051,-0.7838172479063843,0.044884730077860834,0.9560774227329843
UBA11475 sp003538975,10642.0,0.6812809090703875,-0.028162890681609598,-0.011037988563105004,-0.007303976377088702,1.5710354633601753,1.5536896784161254,-0.595723358228183,0.9560774227329843
Clostridium sp018372875,10042.0,0.6637732647292744,0.029805323414327844,-0.7126262190207696,-0.6501429201562755,-1.2714605301663386,-0.9471003575444925,-0.13238866546858005,0.9560774227329843
CAG-83 sp000435555,10639.0,0.6843887311068697,-0.027873049611129908,-0.8115868872156851,-0.8523108991020754,-1.6266414935066944,-1.603247363111306,0.07063422550944136,0.9560774227329843
Aphodosoma sp900769035,10668.0,0.6545775387418424,-0.030674846625766916,0.10880910486905791,0.08725833035654482,1.5765837242994447,1.5536896784161254,-0.31843450555460673,0.9560774227329843
Actinomyces israelii,10660.0,0.6627489808772627,-0.02990193710448774,-0.2993698274577816,-0.31880554912755704,1.4742641255775712,1.4868108955114785,0.09074791734928625,0.9560774227329843
Heteroscilispira lomanii,10063.0,0.6854258637582316,0.02777643592097001,-1.2168649348233784,-1.0400849199679694,-2.409435429273593,-1.784266473645486,-0.22646772097703208,0.9560774227329843
Collinsella sp008014645,10660.0,0.6627489808772627,-0.02990193710448774,-0.25574854878986714,-0.3223283623130853,1.472861701591187,1.3589512955652996,0.33380508713316576,0.9560774227329843
Dialister sp900543455,10645.0,0.6781784869758974,-0.02845273175208929,-0.897752719514604,-1.0456542191070222,-1.8103339610984914,-1.924625988618864,0.22001583153281998,0.9560774227329843
Prevotella sp002439605,10660.0,0.6627489808772627,-0.02990193710448774,0.4501341226041326,0.28655460451587667,1.4127107791062343,0.9166481551153804,-0.6515448526843298,0.9560774227329843
Eubacterium_R sp002493595,10637.0,0.6864635895222827,-0.027679822230810114,0.1893237808960501,0.11440714046960297,1.6429181447453,1.629303820576144,-0.726678536311117,0.9560774227329843
Flemingibacterium merdigallinarum,10058.0,0.6802461660944228,0.028259504371769495,-0.6044244444572441,-0.5602098358187017,-0.35361965020153896,-0.4349191322834667,-0.10959469453255022,0.9560774227329843
Lactobacillus helveticus,10061.0,0.6833521932940241,0.027969663301289804,0.21911464155925886,0.44616510949452276,1.6644395706203952,1.6529012595854393,1.0258918040849692,0.9560774227329843
Prevotella sp900548535,10068.0,0.6906203890717364,0.027293367470170526,0.3849581629524745,0.5728865030064334,-0.7923196654286979,0.07192828831519371,0.5735476845804623,0.956537935002405
CAG-115 sp000432175,10067.0,0.6895803081820883,0.027389981160330423,-0.5089163723234392,-0.31405862398403483,0.30410723479034196,0.8260407408560884,-0.6963947207057328,0.956537935002405
CAG-115 sp003531585,10082.0,0.7052420882214647,0.02594077580793197,-0.7569032004383688,-0.7484826070126991,-1.3316081598055387,-1.715923546910032,-0.016140015453325728,0.9582093589965553
CAG-269 sp000437215,10622.0,0.7020994657629812,-0.02623061687841166,-0.07977008500343331,-0.16482281716382277,1.3988008409916315,1.3610180933845655,1.0469962640678434,0.9582093589965553
Prevotella sp900554835,10628.0,0.6958295250563811,-0.026810299019371042,1.4446712870692606,1.4376548322653278,0.8769047968536512,0.882557771563695,-0.007023927285914497,0.9582093589965553
Eubacterium_N saphenum,10076.0,0.69896192873134,0.02652045794889135,-0.32056783973867214,-0.1664022432522586,1.3287649897945712,1.3486234668894017,-0.9459548192843784,0.9582093589965553
Faecalibacillus intestinalis,10624.0,0.7000072063971174,-0.026423844258731455,1.2935026769646025,1.295853135930145,0.10078720874894209,0.2675507981644536,0.0026191815008796797,0.9582093589965553
UBA3839 sp017483765,10081.0,0.7041939853239061,0.026037389498091867,-0.20721360778517203,0.065619978699986,1.5669644224606163,1.607929211454417,,0.9582093589965553
Escherichia albertii,10627.0,0.6968730862938759,-0.026713685329211145,0.2679129615871955,0.19009739766115233,0.3243920268860485,0.20107168283193744,-0.4950255956810422,0.9582093589965553
UBA1685 sp017435905,10085.0,0.7083897479167713,0.02565093473745228,-0.8363333250609722,-0.7641489698244205,-1.8618213431507904,-1.517649870531912,-0.13022413364915092,0.9598777072042972
Barb7 sp001657575,10603.0,0.722086627594618,-0.02439495676537362,-0.3144743427408585,-0.2995291931539462,1.2894673708320674,1.380600249574222,-0.07024569594055498,0.9641919994227202
UBA4372 sp900543815,10097.0,0.7210297862820005,0.024491570455533518,-0.48695849955636417,-0.33608133738679313,-0.5733959590003526,-0.043624555422878686,-0.5349883950094356,0.9641919994227202
Prevotella sp900557035,10602.0,0.7231439995670401,-0.024298343075213724,1.3791013352275696,1.1432789762856028,1.6751244102578315,1.6443616610639609,-0.2705509840089849,0.9641919994227202
Fusobacterium_A ulcerans_A,10606.0,0.7189177029846749,-0.02468479783585331,-0.09122144818084123,-0.13124615681040255,1.2894673708320674,0.42320095774619837,0.5248302038763875,0.9641919994227202
Fimisoma sp900754795,10094.0,0.7178624646665865,0.02478141152601321,-0.8524822292307194,-0.8167907316512698,-2.0916026495589595,-1.7650144247204622,-0.061703264578991245,0.9641919994227202
Gemmiger sp900540595,10093.0,0.7168077643415243,0.024878025216173105,2.460973316960362,2.6010284444784166,2.9309112958932726,3.138040318762564,0.07985316094694819,0.9641919994227202
Collinsella bouchesdurhonensis,10102.0,0.7263192810187781,0.024008502004734034,-0.5685863531646658,-0.5186469536352318,-1.5391932145700356,-1.3272856439567438,-0.13262665230840567,0.9658501077377368
CAG-103 sp900317855,10108.0,0.7326839222629511,0.023428819863774653,0.2920217931841927,0.34377576785015124,1.3287649897945712,1.2571610438973657,0.23539181515086122,0.971729339871288
Ruminococcus_C sp000433635,10591.0,0.7348095861541208,-0.02323559248345486,-0.023684347374286586,-0.30497534836911233,-0.8523309191712087,-0.8329103138696752,3.6866868643880317,0.9719703520557154
CAG-1427 sp900542265,10131.0,0.7572489372347853,0.021206704990097136,-0.24689161829117023,-0.08297122803310195,1.5895565164585488,1.6203986538017734,-1.5731948265477715,0.973267867470751
Sutterella parvirubra,10548.0,0.7809780105756505,-0.019081203806579294,-0.09769519141353114,-0.029381742640094667,1.3355844931274028,0.940301386383716,-1.7333676232817024,0.973267867470751
Romboutsia_A weinsteinii,10578.0,0.7486752938100445,-0.0219796145113762,-1.261921570064521,-1.2637296139300345,-2.2037264371863916,-2.457089866156549,0.0020655713525842313,0.973267867470751
Fusobacterium sp000235465,10543.0,0.7864004369163669,-0.01859813535577981,-0.4334191842857973,-0.4964382800605568,1.0338276176740742,-0.5318465484880885,0.19585135317242547,0.973267867470751
Sutterella sp900545275,10551.0,0.7777296408528133,-0.019371044877058985,-0.5276705724235257,-0.680030645960007,-0.12497085437729893,-0.8730598844952713,0.36596223595302974,0.973267867470751
UBA737 sp902762875,10567.0,0.7604718345321443,-0.020916863919617334,-0.30921327772096263,-0.31811263419892527,1.4127107791062343,1.2216247619773082,0.04093540099469122,0.973267867470751
Prevotella sp002251295,10543.0,0.7864004369163669,-0.01859813535577981,-0.19081636565626836,-0.284869981711901,-0.4221220528821483,-0.9014627125473602,0.5781186960134284,0.973267867470751
Paraclostridium tenue,10129.0,0.7551026776238343,0.02139993237041693,-0.43473772047281783,-0.3607159895764363,1.0551448833206383,1.5231723506291193,-0.26928190331036345,0.973267867470751
Streptococcus parauberis,10147.0,0.7744851513242857,0.019660885947538786,-0.36005830618418433,-0.13608293057416038,-0.27869179389729837,1.5487371578347613,-1.403744440273918,0.973267867470751
Mesosutterella multiformis,10559.0,0.7690864365464457,-0.02014395439833816,0.8730478979081722,0.8253805650596523,1.7303493995689347,1.7164419846292667,-0.08100133819070446,0.973267867470751
Turicibacter sanguinis,10574.0,0.7529583069173174,-0.021593159750736612,0.2242195183402642,0.1881734851930741,1.1914026571619978,0.883794416248298,-0.25284851144090387,0.973267867470751
Cryptobacteroides sp000431015,10137.0,0.7636988947497118,0.020627022849137755,0.2237835341559728,0.23087374732094573,1.5157942939134763,1.6235538147545903,0.04500024555435505,0.973267867470751
Limivicinus faecipullorum,10570.0,0.7572489372347853,-0.021206704990097025,-0.882859355265757,-0.98847243702783,-1.830538918581281,-1.8896269893033129,0.16301711169042502,0.973267867470751
UBA1096 sp002684915,10151.0,0.7788120022737612,0.0192744311868992,-0.6990438679825752,-0.4858384018987121,-1.1595058502834128,-0.5898658261721828,-0.5249064658573958,0.973267867470751
CAG-83 sp002438575,10122.0,0.7476057451218625,0.022076228201536208,-0.6928112036795463,-0.6249263043864858,-1.4803699153769898,-1.2545057154791017,-0.14877619350818985,0.973267867470751
Acidaminococcus fermentans,10587.0,0.7390669993548912,-0.02284913772281527,-0.003972657786334709,-0.15630925030358134,1.307519320549705,0.5398220233410314,5.298155180752134,0.973267867470751
Prevotella sp002451555,10560.0,0.768008026497276,-0.020240568088498057,0.11122438799795495,0.056974583300647544,-0.45354405075502946,-0.5258964356058744,-0.9650827747939192,0.973267867470751
GCA-900066495 sp902362365,10140.0,0.7669300653347351,0.020337181778658064,-0.43786542586393873,-0.35306381326291225,-0.553321440996994,1.1662605063475322,-0.3105585771027582,0.973267867470751
Cupidesulfovibrio vulgaris_A,10580.0,0.7465366820951446,-0.022172841891695994,0.0038577405315296538,-0.06702652841749179,1.5938485124934267,1.5487371578347613,,0.973267867470751
Ventricola intestinavium,10154.0,0.7820616534787967,0.01898459011641951,-0.2807281430344229,-0.1477459239828326,1.3355844931274028,1.380600249574222,-0.9260553762442032,0.973267867470751
Prevotella sp900557255,10580.0,0.7465366820951446,-0.022172841891695994,1.7909271901803863,1.8498546355220318,0.8880717101613431,0.704486023514054,0.04670521992023523,0.973267867470751
Prevotella sp900546535,10131.0,0.7572489372347853,0.021206704990097136,1.7877504166165592,1.8837983571047077,0.6093199414557766,0.9207582097063796,0.0754992067222599,0.973267867470751
CAG-488 sp000434055,10158.0,0.7864004369163669,0.01859813535577992,-0.14318262814960778,-0.010812069135172752,1.5432841281045793,1.5582856363163966,-3.7271420423113453,0.973267867470751
Collinsella ihuae,10144.0,0.771244595453292,0.019950727018018477,-1.0991943132405015,-1.14869376755945,-2.2642298126470415,-2.039016446281174,0.06354779310021191,0.973267867470751
Prevotella multisaccharivorax,10158.0,0.7864004369163669,0.01859813535577992,-0.5172256651490409,-0.5096323681544774,-0.38682182745415084,-0.5230330858247125,-0.021336954604469046,0.973267867470751
HGM11417 sp900761895,10558.0,0.7701652935200478,-0.020047340708178263,-1.136851864179817,-1.255138638458321,-2.4004541959686225,-2.3681901345752756,0.14280245020611007,0.973267867470751
Streptococcus sp001937065,10172.0,0.8016376466967006,0.017245543693541365,-0.43646980146382974,-0.24178460029012924,-0.08925303949321339,1.465456440077677,-0.8521594829857874,0.9771164333628976
Phascolarctobacterium_A succinatutens_A,10169.0,0.7983659568202972,0.017535384764021056,0.5368703125724298,0.6754415798697483,1.5157942939134763,1.7257571320115073,0.33125736306293097,0.9771164333628976
Duncaniella sp910578445,10526.0,0.8049128186686192,-0.016955702623061786,-0.1689249561879,-0.19983196859218438,1.4809880093513819,1.5536896784161254,0.24240492052376392,0.9771164333628976
CAG-177 sp002451755,10524.0,0.8070981739577533,-0.016762475242741992,0.3143308432590052,0.18945003106613786,1.4809880093513819,1.2304988820200755,-0.7304664619988841,0.9771164333628976
Desulfovibrio desulfuricans_A,10533.0,0.797276176819802,-0.017631998454181064,0.370699673288795,0.2803818262310416,1.666382549297328,1.6409298441596931,-0.40285800252787224,0.9771164333628976
Victivallis lenta,10166.0,0.7950978039302244,0.017825225834500746,0.355710838975985,0.6156745971180101,1.6910180271121114,1.6634602301552697,0.7914631062436274,0.9771164333628976
Gemmiger qucibialis,10529.0,0.8016376466967006,-0.017245543693541476,3.2652851859137653,3.2635395702933865,3.6520595212543574,3.5938501484808416,-0.0007714684195386588,0.9771164333628976
Butyricicoccus avistercoris,10174.0,0.803820711174375,0.01705231631322157,-0.3946977725708042,-0.20212964922613447,1.4742641255775712,1.5582856363163966,-0.9654674232516,0.9771164333628976
Protoclostridium sp900761765,10177.0,0.8070981739577533,0.01676247524274188,-0.003406192079648221,0.050419027184408494,1.5157942939134763,1.6137142138810976,,0.9771164333628976
Scatomorpha intestinavium,10197.0,0.8290318816514494,0.014830201439543944,-0.6247552394991718,-0.571684718004903,0.14884390528504277,-0.601466182765849,-0.128071370342599,0.9799431225194437
Scatavimonas sp900540275,10192.0,0.8235352308528974,0.015313269890343428,-0.8483835814296052,-0.688710180439276,-1.9001858673455914,-1.3432964833871335,-0.30081969844171724,0.9799431225194437
CAG-177 sp003538135,10183.0,0.8136632147652351,0.0161827931017825,-0.30917008782162403,-0.25515889479931037,-0.5236847612946249,-0.9215407168533662,-0.2770048116626028,0.9799431225194437
Faecousia sp000434635,10505.0,0.8279318725175101,-0.014926815129703952,-0.19073686008198118,-0.23678167426583235,-0.9699447921954008,-0.8812344919201198,0.311973756475033,0.9799431225194437
Actinomyces gerencseriae,10520.0,0.8114733884218,-0.016376020482102405,-0.7702545088536773,-0.7271112683406735,-1.5052833467393611,-1.0852001056582417,-0.08315906884109114,0.9799431225194437
HGM12669 sp900761935,10507.0,0.8257328685411331,-0.015120042510023746,-0.0045179381072915515,0.031095451506794908,1.5157942939134763,1.598177869900356,,0.9799431225194437
CAG-103 sp000432375,10190.0,0.8213389761040208,0.015506497270663222,0.47787187133523484,0.5303180073351144,0.9679420813521258,0.7181980019844136,0.15023388712239177,0.9799431225194437
Caccenecus sp017888105,10504.0,0.8290318816514494,-0.014830201439544055,0.14369835824038718,0.16454373051862797,1.5931106426629462,1.6513532498256822,0.1954274773145241,0.9799431225194437
Anaerostipes caccae,10504.0,0.8290318816514494,-0.014830201439544055,-0.2872658249598862,-0.336631197173485,-0.7261022315297545,-0.5458522942597774,0.22878251429018362,0.9799431225194437
Agathobacter sp900317585,10505.0,0.8279318725175101,-0.014926815129703952,2.6725656303391525,2.744179785146714,3.516022624930387,3.8161863749629887,0.03814962614680545,0.9799431225194437
Escherichia marmotae,10200.0,0.8323339125695324,0.014540360369064254,0.20837131605715828,0.27056640492432465,0.20338968103989608,0.19813297611429093,0.37682602253924874,0.9815258402942599
UBA9506 sp003506415,10206.0,0.8389468017008751,0.013960678228104872,-0.954455570599605,-0.912563928830409,-1.9610552163948043,-1.4474121033875527,-0.06475241347264174,0.9869962372951472
Klebsiella africana,10223.0,0.8577436662997168,0.012318245495386737,0.09224974567149774,0.1086433185567384,0.4506722227942994,1.1662605063475322,0.2359826119027704,0.9881839473499041
Escherichia coli,10478.0,0.8577436662997168,-0.012318245495386737,2.850316343776414,2.7579142349796153,2.3695354313576296,2.4266701120780283,-0.0475444534416849,0.9881839473499041
CAG-177 sp003514385,10482.0,0.8533131978417957,-0.012704700256026324,0.5319969178228221,0.5602553387088715,1.5765837242994447,1.5231723506291193,0.07466660384435216,0.9881839473499041
Klebsiella quasipneumoniae,10488.0,0.8466762043524465,-0.013284382396985706,0.046251284251549146,0.02287684548802838,0.39098544482194875,0.5018620098613251,-1.0156052622681928,0.9881839473499041
CAG-177 sp002438685,10479.0,0.8566356233116739,-0.012414859185546634,0.4935847955503844,0.3470394457875165,1.5931106426629462,1.6146055107493886,-0.508198298793459,0.9881839473499041
Caulobacter sp003931565,10209.0,0.8422575464607491,0.013670837157625182,-0.34541190207822625,-0.24004117069931244,0.6083388949154998,1.549764678236233,-0.525035926295752,0.9881839473499041
Avimicrobium caecorum,10217.0,0.8510996884270978,0.012897927636346118,1.7260560951136277,1.938774153714696,2.7752974743733567,2.7952660262254074,0.16766540328465415,0.9881839473499041
PeH17 sp000435055,10215.0,0.8488873515981075,0.013091155016665912,-0.14310138153024152,-0.06203328476902952,-0.4235313098243836,-0.8567185115387463,-1.205923188155786,0.9881839473499041
Prevotella sp003447235,10479.0,0.8566356233116739,-0.012414859185546634,0.25151501290935885,0.23072617000226267,1.3004218811705126,1.0100317896379156,-0.12446286614962566,0.9881839473499041
RUG11247 sp902767315,10470.0,0.8666179233222925,-0.011545335974107562,-0.17702988182703547,-0.31806400800031126,1.4809880093513819,1.286381712510524,0.845324228788587,0.988487714075743
Avanaerovorax faecigallinarum,10444.0,0.8955698689526231,-0.009033380029950244,-1.0548803505356896,-1.0053043691478767,-2.0502312489233407,-1.7494440621105731,-0.069447008579773,0.988487714075743
Olsenella_I phocaeensis,10474.0,0.8621786204439568,-0.01193179073474715,0.010785026057361792,0.011201354153533256,1.628535022866986,1.6235538147545903,0.05464348591671294,0.988487714075743
Peptococcus niger,10462.0,0.875509025426946,-0.010772426452828388,-0.13982854105988618,-0.13672761236971054,1.5685165476792182,1.598177869900356,-0.032354239220636745,0.988487714075743
Clostridium paraputrificum,10249.0,0.8866449095830184,0.009806289551229419,-0.3466667273118727,-0.2509194884140014,-0.3546234694250803,0.44315788657648625,-0.4663248501704843,0.988487714075743
Gallispira edinburgensis,10251.0,0.8888748472987964,0.009613062170909625,-1.109981627088581,-1.157629920477791,-2.4642404938946108,-2.5290248205911574,0.0606383192402291,0.988487714075743
Scatavimonas merdipullorum,10458.0,0.8799605487416986,-0.0103859716921888,-0.39423631416790417,-0.3470826303335598,1.457412985955438,1.3589512955652996,-0.18378150587424483,0.988487714075743
Megasphaera elsdenii,10230.0,0.8655076974140576,0.01164194966426746,0.2877381998432432,0.3602799558947036,1.4809880093513819,1.5582856363163966,0.32436162434878446,0.988487714075743
Klebsiella variicola,10444.0,0.8955698689526231,-0.009033380029950244,0.5444597722785949,0.4909322815064703,1.3988008409916315,1.3610180933845655,-0.1493014232606759,0.988487714075743
Akkermansia muciniphila_B,10253.0,0.8911056647259686,0.009419834790589832,0.7775745237523436,0.8041109006912326,1.5710354633601753,1.6140331213629988,0.04841353583068287,0.988487714075743
CAG-266 sp000436095,10470.0,0.8666179233222925,-0.011545335974107562,0.6450373957743851,0.7278347396499887,1.7116749246065517,1.6967860200617295,0.17422810999219837,0.988487714075743
Alistipes_A sp900539755,10238.0,0.8743967541107602,0.010869040142988284,-0.7159660969004279,-0.6980991259880063,-0.8886983872567917,-0.985336348625049,-0.036459368078813864,0.988487714075743
Cellulosilyticum lentocellum,10250.0,0.8877597673880853,0.009709675861069522,-0.9234263228000786,-0.7807317978170474,-1.8630571370106885,-1.5730352369771392,-0.2421698288406321,0.988487714075743
GCA-900066495 sp014323405,10458.0,0.8799605487416986,-0.0103859716921888,-0.7917090984207669,-0.8168524310089751,-1.368079558779721,-1.2767133748536104,0.04510503987018612,0.988487714075743
CAG-488 sp016292785,10240.0,0.8766215427111214,0.01067581276266849,0.14329677696086382,0.20634401329040677,1.6154717246871826,1.6527923335154924,0.5260454178227248,0.988487714075743
Ruminococcus_E bromii_B,10254.0,0.8922213978835866,0.009323221100429935,2.2302566826261696,2.2800998869877853,2.1854004700267993,1.567365927759889,0.0318872665639628,0.988487714075743
Prevotella sp900556795,10256.0,0.8944535021801568,0.009129993720110141,1.3027525430621179,1.3560250231256556,0.6633599069293599,0.7184147068847739,0.05782073013752642,0.988487714075743
RGIG9608 sp017456885,10248.0,0.885530276059747,0.009902903241389316,-0.4151689448700923,-0.29695216552025544,1.0551448833206383,1.2216247619773082,-0.483467980311609,0.988487714075743
UMGS693 sp900544555,10239.0,0.875509025426946,0.010772426452828388,0.2802207459017842,0.34331412014030677,1.628535022866986,1.6634602301552697,0.2929654256552106,0.988487714075743
Prevotella sp900543975,10294.0,0.9370023182521032,0.005458673494034061,0.14924350979746923,0.2775944590478584,0.8940168472451493,1.247750295903284,0.8953105727829644,0.9895262342896562
S5-A14a sp000758905,10403.0,0.9414937684251521,-0.0050722187333944735,0.05639187024748622,0.005553589246794126,1.5895565164585488,1.6137142138810976,-3.3439945748579203,0.9895262342896562
Faecivivens stercoravium,10295.0,0.9381249985043959,0.005362059803874164,-0.6362988483245942,-0.6014756439136764,0.5374682766226435,0.18556435128409987,-0.08119819224783811,0.9895262342896562
Parasutterella sp009767915,10297.0,0.9403707258147084,0.00516883242355437,-0.08211975316747219,-0.16374257637749393,1.2894673708320674,1.425017927992915,0.9956283130359307,0.9895262342896562
Prevotella sp900557405,10267.0,0.9067445515367942,0.008067243128351276,-0.30269468591454696,-0.2940203398116225,0.35101464362626444,0.08264692269480278,-0.04194738605378951,0.9895262342896562
Ventricola sp900542395,10299.0,0.9426169273728828,0.004975605043234577,-0.02839966823522913,0.016922888692182284,-0.07054623882788036,-0.7137119731091808,,0.9895262342896562
RUG013 sp001486445,10267.0,0.9067445515367942,0.008067243128351276,0.2011831432681703,0.19663829294240912,1.666382549297328,1.6527923335154924,-0.03296513297510923,0.9895262342896562
Peptacetobacter hiranonis,10295.0,0.9381249985043959,0.005362059803874164,-1.1553276862676916,-1.12185899192703,-2.3287977192507956,-2.0945407966704117,-0.042410749234294484,0.9895262342896562
Romboutsia_D lituseburensis,10286.0,0.928025571146757,0.006231583015313236,-0.525164052577678,-0.4805823885392638,0.5374682766226435,1.465456440077677,-0.12798438722817082,0.9895262342896562
CAG-103 sp900543625,10267.0,0.9067445515367942,0.008067243128351276,0.7425819483542042,0.8275165580900773,1.307519320549705,0.9840997802098013,0.15623793472160227,0.9895262342896562
Sodaliphilus sp018065665,10418.0,0.924661589257855,-0.006521424085792926,0.1666290779433789,0.0407732946086028,1.6020606783551372,1.6203986538017734,-2.030943715475339,0.9895262342896562
Morganella psychrotolerans_B,10411.0,0.9325128717827166,-0.005845128254673648,-0.016237275877105335,0.03247689829226047,1.6633303777489274,1.6235538147545903,,0.9895262342896562
Sutterella sp900757865,10406.0,0.9381249985043959,-0.005362059803874164,0.16889273802858307,0.31319413045669114,1.6976031730114958,1.6528586011957689,0.8909498743849839,0.9895262342896562
Johnsonella sp905373785,10419.0,0.9235405582693039,-0.006618037775952823,-0.2384273932952052,-0.12874323046653652,1.472861701591187,1.5384186511197022,-0.8890534289795482,0.9895262342896562
Pauljensenia georgiae,10411.0,0.9325128717827166,-0.005845128254673648,-1.164347197512796,-1.1781884414980517,-2.052141975442389,-2.267645484259269,0.017048984126980343,0.9895262342896562
Bulleidia intestinalis,10440.0,0.9000373825368599,-0.008646925269310657,0.1732213230077965,0.15823183698281218,1.6154717246871826,1.6557103617974018,-0.1305766255125512,0.9895262342896562
Ruminococcus_E sp902766775,10278.0,0.9190579748572859,0.0070044925365924104,0.5272006169382885,0.4476033101578212,1.4809880093513819,1.5231723506291193,-0.23613135261736937,0.9895262342896562
Bifidobacterium ruminantium,10300.0,0.943740200432351,0.00487899135307468,1.1924279030517981,1.2575093983965124,1.5220392821400281,1.5985570572011092,0.0766671422591293,0.9895262342896562
Prevotella sp000436035,10285.0,0.9269040979107752,0.0063281967054731325,-0.1501068715545448,-0.09644733590292003,-1.2368509226685536,-0.863923669858055,-0.6381767337629831,0.9895262342896562
CAG-266 sp905207485,10282.0,0.9235405582693039,0.006618037775952823,-0.4079173079929812,-0.3866374451944713,0.5374682766226435,0.9166481551153804,-0.07729535545790413,0.9895262342896562
Onthousia sp900758495,10269.0,0.90898177731371,0.007874015748031482,-0.39138350376574604,-0.3545816807934931,-0.7565663150246049,-0.4942189431420285,-0.14246494780792057,0.9895262342896562
UMGS75 sp900538885,10399.0,0.9459870799809114,-0.004685763972754886,-0.7072523203053603,-0.6476356426838065,-0.9687771560710647,-0.4677864707501804,-0.1270426182407235,0.9895262342896562
Agathobacter rectalis,10400.0,0.9448635853773264,-0.004782377662914783,4.2378704139543,4.348264017033595,5.014735765374597,5.432331131872474,0.03710006678350072,0.9895262342896562
Prevotella sp900556395,10423.0,0.9190579748572859,-0.0070044925365924104,0.2748662207493856,0.2553805242202724,0.06333257117448454,-0.3530513047877779,-0.10608111290470586,0.9895262342896562
Phascolarctobacterium_A succinatutens,10283.0,0.924661589257855,0.006521424085792926,1.1157876196980197,1.374900481826212,-0.649312859913584,0.08074123361940444,0.30126474782627993,0.9895262342896562
Aphodousia faecalis,10307.0,0.9516061198915019,0.004202695521955513,0.20375298486228877,0.21088603666811287,1.6644395706203952,1.6140331213629988,0.04964237919543643,0.9903640599232643
Meiothermus_B silvanus,10308.0,0.9527302256461802,0.004106081831795616,-1.0805047630493494,-1.1565993442105078,-2.038236475209942,-2.034205407526118,0.09818375745961427,0.9903640599232643
Streptococcus gallolyticus,10306.0,0.950482110420771,0.00429930921211541,-0.23067031480060865,-0.23011848811740124,0.5879201993277849,0.8431033080591046,-0.003455457243309538,0.9903640599232643
Evtepia excrementipullorum,10389.0,0.9572275668720385,-0.0037196270711559176,0.19998958785661555,0.16630075528328972,0.35620689988018484,-0.23794380043737462,-0.26613016795930766,0.9914129320763599
Klebsiella aerogenes,10378.0,0.96960184757068,-0.0026568764793970523,0.3041726009237975,0.23867865928438706,1.0551448833206383,1.3610180933845655,-0.3498206253371398,0.9914129320763599
Oribacterium sp900318695,10315.0,0.9606014743896494,0.003429786000676338,-0.9850988724090679,-1.0466468836238763,-1.5592050681623455,-2.082451653140218,0.08743435247790236,0.9914129320763599
Bacillus_T coahuilensis,10383.0,0.9639760876788561,-0.0031399449301965365,-0.0770475409316409,-0.055024876704508216,1.2080218160411125,1.5582856363163966,-0.48566491211668195,0.9914129320763599
UBA7173 sp900545955,10383.0,0.9639760876788561,-0.0031399449301965365,-0.7735172908286672,-0.7654842794589941,-1.0126257348325485,-1.7755074205619632,-0.01506079156005968,0.9914129320763599
Acetatifactor sp003447295,10380.0,0.967351346374147,-0.002850103859716846,1.9906156626946478,2.0124936206783777,2.242116243021133,2.4586783277716986,0.015769509896403397,0.9914129320763599
Ruminococcus_E sp902771755,10378.0,0.96960184757068,-0.0026568764793970523,0.6673495865843052,0.5505363803663194,1.4905758974875258,1.5225089678845691,-0.2776048023978178,0.9914129320763599
ER4 sp900552015,10319.0,0.9651011051808759,0.0030433312400367507,0.7140026879630937,0.7027865168032901,0.6639707333566545,0.509306226959966,-0.02284299243971031,0.9914129320763599
Ruminiclostridium_E siraeum,10369.0,0.979731840306946,-0.0017873532679579807,0.21166149963854455,0.36049644742238984,-0.6285040129102804,-0.5651171487591569,0.7682261665427982,0.9915793851837021
Fusobacterium_B sp900541465,10336.0,0.9842352059023783,0.0014008985073185043,0.13127924975387004,0.30263753709913976,1.6429181447453,1.629303820576144,1.204952035350507,0.9915793851837021
Collinsella sp003479805,10363.0,0.9864870860664156,-0.0012076711269985996,-0.5271452917479434,-0.5018793417124588,-0.47252193468537484,-0.49424980636967675,-0.07086008900608307,0.9915793851837021
Romboutsia_C hominis,10367.0,0.9819834513378203,-0.001594125887638187,-0.5246205857623412,-0.5269402193814953,-0.504385913372623,0.9649578641966396,0.0063648803513393715,0.9915793851837021
Actinomyces sp900323545,10332.0,0.979731840306946,0.0017873532679580917,-0.24508894617137314,-0.14499876733235972,1.5669644224606163,1.5912786021030065,-0.757264786709792,0.9915793851837021
Slackia_A equolifaciens,10362.0,0.9876130676429673,-0.0011110574368387027,-0.7456831828650856,-0.8139971414659924,-0.5443507526246432,-1.8342756894872583,0.12646092302596398,0.9915793851837021
Phascolarctobacterium_A sp900753045,10371.0,0.97748039074053,-0.0019805806482777744,0.1734952296519294,0.24623081142621267,-0.7791224575724485,0.11628982912112917,0.5051153027570993,0.9915793851837021
Prevotella sp900770515,10363.0,0.9864870860664156,-0.0012076711269985996,1.7851576962737454,1.8337801094199087,1.3355844931274028,1.0375593261727456,0.038769130260516836,0.9915793851837021
Prevotella stercorea,10328.0,0.9752291205654875,0.002173808028597679,2.2012143252564917,2.3828257499701366,2.109980579201828,1.942705721663005,0.11437383198202938,0.9915793851837021
Galloscillospira_B excrementipullorum,10346.0,0.9954955039371931,0.0004347616057195358,-0.437573712063514,-0.47547234679961403,1.3988008409916315,1.1662605063475322,0.11983536893272392,0.9966216201014377
Senegalimassilia anaerobia,10347.0,0.9966216201014377,0.00033814791555963897,-0.29510252861803526,-0.2633805737511292,1.0586381125206916,0.49963208488593125,-0.16406734312179028,0.9966216201014377
